"","ID","toID","GNIS_ID","QA_MA","Index"
"1",174,176,"581558",2192.943,1
"2",133,174,"575945",1167.005,1
"3",199,198,"581558",6159.386,2
"4",1,199,"561174",1693.744,2
"5",200,199,"581558",4461.845,2
"6",211,209,"581558",8658.336,3
"7",52,211,"566220",1226.815,3
"8",182,211,"581558",7430.311,3
"9",287,288,"578079",1873.815,4
"10",285,287,"563704",352.52,4
"11",286,287,"578079",1441.751,4
"12",348,349,"570917",825.15,5
"13",350,348,"578065",565.245,5
"14",428,427,"573182",11165.34,6
"15",367,428,"573447",2707.953,6
"16",430,428,"573182",8456.474,6
"17",437,436,"573182",5300.019,7
"18",238,437,"578079",3532.053,7
"19",305,437,"565563",1759.809,7
"20",457,442,"573182",7984.076,8
"21",365,457,"570917",2422.525,8
"22",435,457,"573182",5545.741,8
"23",538,537,"569110",9275.278,9
"24",539,538,"575164",1523.396,9
"25",561,538,"569110",7413.985,9
"26",577,574,"569110",6825.841,10
"27",579,577,"569110",5648.032,10
"28",587,577,"574891",1177.551,10
"29",612,613,"569110",4198.37,11
"30",470,612,"569110",2653.722,11
"31",514,612,"564882",1531.084,11
"32",646,645,"580918",1917.14,12
"33",649,646,"574044",886.916,12
"34",792,787,"569110",16714.815,13
"35",793,792,"569110",10105.521,13
"36",795,792,"580918",6608.629,13
"37",888,889,"619363",2041.603,14
"38",870,888,"872478",1996.775,14
"39",1104,1105,"206425",14255.355,15
"40",1106,1104,"206425",12665.432,15
"41",1124,1104,"1460788",1578.827,15
"42",1212,1214,"210826",2386.908,16
"43",1209,1212,"210057",1389.68,16
"44",1215,1212,"210826",993.532,16
"45",1233,1231,"211397",2593.435,17
"46",1213,1233,"210826",2397.23,17
"47",1289,2914,"1460117",1596.381,18
"48",2913,1289,"1458502",1594.996,18
"49",1402,1380,"970226",5400.14,19
"50",1290,1402,"970226",3148.899,19
"51",1337,1402,"970554",2245.534,19
"52",1403,1404,"970226",14290.641,20
"53",1401,1403,"970226",8372.748,20
"54",1405,1403,"970360",5904.703,20
"55",1447,1445,"970360",2569.421,21
"56",1448,1447,"969161",1344.635,21
"57",1493,1447,"970360",1220.605,21
"58",1624,1623,"217887",2714.821,22
"59",1625,1624,"969117",1107.811,22
"60",1657,1624,"949000",1603.403,22
"61",1711,1727,"217887",10873.952,23
"62",1712,1711,"217887",8358.987,23
"63",1740,1711,"1198082",2510.099,23
"64",1773,1772,"217887",16669.106,24
"65",1774,1773,"217887",13783.226,24
"66",1796,1773,"1193302",2868.094,24
"67",2060,2059,"1190936",1298.945,25
"68",2061,2060,"1190936",767.925,25
"69",2065,2060,"1171976",527.606,25
"70",2172,2170,"591690",24318.63,26
"71",2023,2172,"591690",14629.664,26
"72",2151,2172,"1190936",9687.466,26
"73",2176,2174,"1214680",987.603,27
"74",2177,2176,"1192488",474.02,27
"75",2266,2265,"1214680",2283.239,28
"76",2179,2266,"1214680",1198.947,28
"77",2194,2266,"1193174",1083.86,28
"78",2286,2285,"591690",30416.158,29
"79",2171,2286,"591690",26392.593,29
"80",2226,2286,"1214680",3986.007,29
"81",2345,2351,"597915",3418.847,30
"82",2332,2345,"1552968",1609.622,30
"83",2436,2466,"1556740",2846.492,31
"84",2435,2436,"1487411",1898.04,31
"85",2488,2487,"597915",9883.341,32
"86",2368,2488,"597915",6681.318,32
"87",2439,2488,"1556740",3185.533,32
"88",2821,2829,"1488853",11085.094,33
"89",2785,2821,"1488853",10610.984,33
"90",2819,2821,"1478374",471.127,33
"91",2984,3053,"1502110",9320.238,34
"92",2986,2984,"1502110",9191.989,34
"93",2992,2984,"991333",118.425,34
"94",2988,2989,"1502110",9015.9,35
"95",2987,2988,"1502110",8847.705,35
"96",2990,2988,"1023998",168.077,35
"97",3198,3197,"991815",3303.778,36
"98",3157,3198,"1024343",3025.333,36
"99",3349,3328,"986517",1812.66,37
"100",3350,3349,"986517",1436.577,37
"101",3351,3349,"991039",372.524,37
"102",3438,3437,"1023879",3414.789,38
"103",3327,3438,"986517",1835.567,38
"104",3407,3438,"1023944",1578.744,38
"105",3496,3448,"1023879",9909.222,39
"106",3495,3496,"1023879",7586.762,39
"107",3516,3496,"1025585",2316.673,39
"108",3584,3634,"1251573",5247.564,40
"109",3583,3584,"1024415",5242.769,40
"110",3613,3586,"1024415",5039.106,41
"111",3611,3613,"1023789",228.867,41
"112",3612,3613,"1024415",4742.925,41
"113",3674,3705,"1228058",8573.709,42
"114",3694,3674,"1251573",8503.758,42
"115",3745,3744,"1251304",17243.169,43
"116",3746,3745,"1250812",15144.097,43
"117",3747,3745,"1251304",2077.839,43
"118",3746,3745,"1250812",15144.097,44
"119",3759,3746,"1228058",15143.059,44
"120",3755,3753,"1250746",72.524,45
"121",3756,3755,"1220871",64.965,45
"122",3920,3921,"1249440",5620.526,46
"123",3919,3920,"1010097",5478.603,46
"124",4066,4068,"1249468",10304.096,47
"125",3992,4066,"1251826",7116.681,47
"126",3998,4066,"1250741",3183.652,47
"127",4090,4089,"1250783",17501.834,48
"128",4101,4090,"1249468",17480.724,48
"129",4117,4127,"1230349",13325.971,49
"130",4122,4117,"1250783",13405.569,49
"131",4155,4156,"1229589",5420.878,50
"132",4145,4155,"1230477",5242.325,50
"133",4187,4168,"1225076",2493.923,51
"134",4170,4187,"1222239",2556.142,51
"135",4194,4206,"1229878",558.226,52
"136",4207,4194,"1251193",344.572,52
"137",4195,4198,"1250834",1195.021,53
"138",4200,4195,"1229878",820.082,53
"139",4223,4239,"330061",1552.728,54
"140",4238,4223,"1010187",920.857,54
"141",4231,4230,"1010187",488.44,55
"142",4232,4231,"330215",215.101,55
"143",4262,4334,"1246385",2148.374,56
"144",4265,4262,"1250834",2116.095,56
"145",4266,4298,"1253486",5573.076,57
"146",4267,4266,"1225986",338.83,57
"147",4283,4266,"1253486",5082.631,57
"148",4334,4333,"1253486",4608.197,58
"149",4261,4334,"330061",2435.9,58
"150",4262,4334,"1246385",2148.374,58
"151",4344,4335,"1253486",9410.388,59
"152",4315,4344,"1253486",8632.016,59
"153",4343,4344,"317163",777.896,59
"154",4770,4769,"354294",11524.751,60
"155",4592,4770,"354253",5497.524,60
"156",4734,4770,"356443",6010.289,60
"157",5230,5229,"354236",2254.887,61
"158",5231,5230,"354236",1453.084,61
"159",5232,5230,"355141",786.311,61
"160",5422,5621,"354236",21665.28,62
"161",5428,5422,"354236",12499.4,62
"162",5569,5422,"358207",9162.544,62
"163",5621,5586,"305219",21666.41,63
"164",5422,5621,"354236",21665.28,63
"165",5740,5739,"294307",4524.173,64
"166",5632,5740,"294307",2203.578,64
"167",5654,5740,"124530",2319.121,64
"168",5805,5802,"294003",5880.538,65
"169",5780,5805,"308593",5590.396,65
"170",5837,NA,"281387",7335.105,66
"171",5819,5837,"294003",7317.271,66
"172",5891,5890,"356448",3272.887,67
"173",5838,5891,"327507",1443.689,67
"174",5855,5891,"355303",1816.714,67
"175",5957,5973,"169321",7496.234,68
"176",5874,5957,"356448",4198.581,68
"177",5917,5957,"355719",3296.652,68
"178",6251,6250,"154961",25237.076,69
"179",6257,6251,NA,17882.932,69
"180",6258,6251,"160710",7303.491,69
"181",6313,6327,"154961",31472.344,70
"182",6237,6313,"154961",28477.394,70
"183",6294,6313,"159294",2979.421,70
"184",6410,6409,"692339",548.518,71
"185",6411,6410,"667090",183.184,71
"186",6545,6825,"692339",26761.166,72
"187",6543,6545,"692339",15689.795,72
"188",6544,6545,"159191",11062.313,72
"189",6552,6557,"123577",3043.401,73
"190",6555,6552,"123577",1057.126,73
"191",6571,6552,"160617",1953.052,73
"192",6567,6566,"160617",1857.675,74
"193",6605,6567,"160617",1519.908,74
"194",6606,6567,"126067",335.077,74
"195",6600,6618,"160617",714.661,75
"196",6601,6600,"160617",435.259,75
"197",6602,6600,"159256",271.315,75
"198",6610,6605,"160617",1508.989,76
"199",6611,6610,"160617",1106.31,76
"200",6612,6610,"160507",401.625,76
"201",6617,6609,"160617",1034.861,77
"202",6604,6617,"159413",307.749,77
"203",6618,6617,"160617",719.576,77
"204",6687,6689,"159191",7079.262,78
"205",6560,6687,"123577",4506.127,78
"206",6676,6687,"1901223",2116.491,78
"207",6882,6880,"163332",71659.251,79
"208",6366,6882,"154961",37280.617,79
"209",6850,6882,"692339",34376.259,79
"210",7059,7058,"679514",14629.794,80
"211",7088,7059,"694322",14625.212,80
"212",7084,7083,"694322",11405.411,81
"213",6992,7084,"692890",5190.804,81
"214",7045,7084,"693697",6202.966,81
"215",7158,7149,"1621114",521.01,82
"216",7152,7158,"1620809",298.697,82
"217",7225,NA,"251974",11685.953,83
"218",16716,7225,"555092",4527.216,83
"219",7248,7247,"1578866",816.135,84
"220",7249,7248,"634300",519.333,84
"221",7260,7248,"1578866",295.356,84
"222",7348,7332,"632106",1456.928,85
"223",7247,7348,"1578866",824.391,85
"224",7280,7348,"632200",631.203,85
"225",7503,7502,"1565099",82.095,86
"226",7504,7503,"1576465",41.05,86
"227",7542,NA,"1567522",550.59,87
"228",7543,7542,"1569543",442.973,87
"229",7907,7908,"636503",3602.334,88
"230",7878,7907,"1614886",1569.502,88
"231",7897,7907,"637793",2024.052,88
"232",7910,7922,"1624885",169705.778,89
"233",7911,7910,"1624784",169683.858,89
"234",7914,7920,"1624784",169380.031,90
"235",7915,7914,"1624395",393.502,90
"236",7947,7980,"1084017",590.26,91
"237",7948,7947,"442706",574.915,91
"238",8061,8070,"1084017",4106.828,92
"239",8037,8061,"1065901",1754.038,92
"240",8073,8061,"1084017",2345.18,92
"241",8251,8253,"946942",697.367,93
"242",8266,8251,"973412",662.103,93
"243",8262,8264,"970593",2207.474,94
"244",8248,8262,"946942",743.601,94
"245",8261,8262,"970593",1462.798,94
"246",8333,8332,"959532",5812.087,95
"247",8202,8333,"970593",3369.554,95
"248",8303,8333,"970425",2429.486,95
"249",8450,8449,"977224",344.405,96
"250",8451,8450,"977028",238.907,96
"251",8570,8571,"977244",318467.553,97
"252",8430,8570,"976779",2335.027,97
"253",8562,8570,"977244",316111.072,97
"254",8581,8582,"977244",319853.895,98
"255",8463,8581,"977224",923.903,98
"256",8580,8581,"977244",318925.045,98
"257",8582,NA,"977244",321989.54,99
"258",8511,8582,"977242",2133.728,99
"259",8581,8582,"977244",319853.895,99
"260",8663,8660,"1209386",9815.412,100
"261",8664,8663,"1209386",7831.186,100
"262",8736,8663,"950689",1976.789,100
"263",8821,8819,"1209386",12531.25,101
"264",8695,8821,"1209386",10465.546,101
"265",8785,8821,"1213952",2062.335,101
"266",8826,8829,"1172300",2166.19,102
"267",8831,8826,"1172300",1413.782,102
"268",8869,8826,"1169762",712.647,102
"269",8850,8849,"1172300",1025.49,103
"270",8851,8850,"1209340",720.579,103
"271",8887,8886,"1169762",214.418,104
"272",8889,8887,"1182525",125.251,104
"273",8904,8903,"1192712",2688.922,105
"274",8823,8904,"1172300",2204.405,105
"275",8925,8919,"1209386",17897.124,106
"276",8822,8925,"1209386",14960.723,106
"277",8891,8925,"1192712",2934.853,106
"278",8942,8973,"1209053",4183.407,107
"279",8941,8942,"1553309",2806.07,107
"280",8981,8980,"1209053",12401.29,108
"281",8982,8981,"1209053",9404.686,108
"282",9034,8981,"595217",2829.493,108
"283",9091,9090,"425264",34746.46,109
"284",9092,9091,"425264",31302.45,109
"285",9136,9091,"1169025",3441.147,109
"286",9107,9106,"425264",30878.613,110
"287",8924,9107,"1209386",18419.952,110
"288",9028,9107,"1209053",12436.78,110
"289",9122,9135,"1169025",2357.482,111
"290",9109,9122,"1180226",1097.147,111
"291",9244,9245,"425264",51272.026,112
"292",9246,9244,"425264",48137.339,112
"293",9261,9244,"1542136",3129.847,112
"294",9253,9252,"425264",48076.169,113
"295",9191,9253,"425264",40017.082,113
"296",9425,9253,"1084024",8057.853,113
"297",9359,9358,"1079594",1567.381,114
"298",9334,9359,"1066841",1037.287,114
"299",9408,9406,"1084024",7182.576,115
"300",9421,9408,"1084024",6078.786,115
"301",9432,9408,"1070656",795.127,115
"302",9420,9427,"1084024",4882.849,116
"303",9324,9420,"1067076",2560.424,116
"304",9360,9420,"1079594",2314.824,116
"305",9445,9444,"1070656",547.573,117
"306",9446,9445,"1066212",187.42,117
"307",9503,9501,"1552301",1289.601,118
"308",9504,9503,"1015692",724.731,118
"309",9656,9655,"1552301",8616.812,119
"310",9553,9656,"1552301",6339.396,119
"311",9616,9656,"1551294",2276.442,119
"312",9715,9714,"1551620",12591.855,120
"313",9657,9715,"1552301",9592.115,120
"314",9660,9715,"1551216",2997.104,120
"315",9806,9805,"1551620",16089.868,121
"316",9717,9806,"1551620",13295.799,121
"317",9755,9806,"1551032",2787.844,121
"318",9864,9823,"1072258",1338.349,122
"319",9824,9864,"1066873",486.656,122
"320",9845,9864,"1072258",844.776,122
"321",10039,10040,"425264",72234.544,123
"322",9256,10039,"425264",53807.005,123
"323",9809,10039,"1551620",18422.972,123
"324",10070,10071,"425264",89825.096,124
"325",9919,10070,"1072258",5881.989,124
"326",10045,10070,"425264",83937.302,124
"327",10180,10178,"425264",98573.838,125
"328",10181,10180,"425264",94091.893,125
"329",10210,10180,"513416",4475.954,125
"330",10215,10231,"513130",3787.243,126
"331",10212,10215,"514290",2653.553,126
"332",10418,10401,"493284",7716.386,127
"333",10344,10418,"493284",4534.033,127
"334",10373,10418,"517526",3180.55,127
"335",10458,10481,"449850",1421.874,128
"336",10459,10458,"449850",942.972,128
"337",10497,10458,"442871",464.539,128
"338",10521,10522,"449850",5461.999,129
"339",10523,10521,"449850",3786.351,129
"340",10546,10521,"452944",1640.441,129
"341",10684,10683,"415005",29046.814,130
"342",10693,10684,"445332",29040.012,130
"343",10812,10811,"445955",12287.793,131
"344",10806,10812,"445955",5707.412,131
"345",10889,10812,"450879",6578.077,131
"346",10840,10842,"450879",1853.6,132
"347",10824,10840,"434575",1792.528,132
"348",11102,11116,"1326386",3462.37,133
"349",11080,11102,"1281015",1564.261,133
"350",11133,11102,"1326386",1896.345,133
"351",11137,11136,"517018",19246.928,134
"352",11042,11137,"517018",14133.55,134
"353",11100,11137,"1326386",5109.86,134
"354",11384,11382,"425264",114610.232,135
"355",10138,11384,"425264",105329.529,135
"356",10310,11384,"513130",9278.622,135
"357",11475,11462,"425264",137049.231,136
"358",10442,11475,"493284",12879.165,136
"359",11448,11475,"425264",124155.566,136
"360",11545,11546,"425264",252270.694,137
"361",11550,11545,"425264",205154.58,137
"362",12732,11545,"517033",47114.691,137
"363",11608,11605,"1303469",4184.143,138
"364",11559,11608,"1327068",3107.336,138
"365",11737,11741,"1306463",7776.949,139
"366",11738,11737,"1306463",5029.426,139
"367",11797,11737,"1326897",2747.046,139
"368",11805,11804,"517033",14454.312,140
"369",11581,11805,"1303469",5438.757,140
"370",11730,11805,"1306463",9011.956,140
"371",12746,12745,"1629903",3675.6,141
"372",12747,12746,"1629903",2778.914,141
"373",12781,12746,"655896",892.544,141
"374",12839,12838,"1629903",10112.535,142
"375",12848,12839,"1629903",6417.689,142
"376",13001,12839,"659759",3693.856,142
"377",13075,13101,"1629903",14565.634,143
"378",12865,13075,"1629903",10218.932,143
"379",13065,13075,"662324",4346.269,143
"380",13123,13122,"1629903",22892.303,144
"381",13096,13123,"1629903",15918.965,144
"382",13262,13123,"1578997",6972.675,144
"383",13178,13177,"1578997",3065.165,145
"384",13179,13178,"1578997",1468.138,145
"385",13244,13178,"1579255",1594.117,145
"386",13346,13347,"1629903",28375.16,146
"387",13142,13346,"1629903",27217.304,146
"388",13155,13346,"650249",1157.7,146
"389",13388,13384,"1629903",38343.089,147
"390",13322,13388,"1629903",29974.163,147
"391",13666,13388,"1580811",8368.187,147
"392",13454,13453,"1629903",41980.25,148
"393",13456,13454,"1629903",40701.416,148
"394",13457,13454,"458791",1277.079,148
"395",13542,13543,"1580811",3503.379,149
"396",13539,13542,"1580811",3231.153,149
"397",13540,13542,"1561714",267.285,149
"398",13693,13872,"1629903",60180.221,150
"399",13694,13693,"1629903",52560.703,150
"400",14299,13693,"457834",7570.853,150
"401",13742,13712,"1629903",44510.393,151
"402",13730,13742,"1629903",42790.927,151
"403",13849,13742,"462671",1718.545,151
"404",13883,13864,"1629903",63906.459,152
"405",13866,13883,"1629903",61385.64,152
"406",13911,13883,"461664",2520.807,152
"407",13910,13966,"461664",1542.825,153
"408",13896,13910,"461808",1020.796,153
"409",14059,14094,"462846",1531.827,154
"410",14052,14059,"461563",1032.151,154
"411",14057,14059,"462846",498.701,154
"412",14094,14093,"465058",2577.291,155
"413",14019,14094,"465058",1043.76,155
"414",14059,14094,"462846",1531.827,155
"415",14301,14302,"457834",7362.733,156
"416",14123,14301,"465058",4748.536,156
"417",14296,14301,"457834",2612.328,156
"418",14309,14329,"416824",1169.998,157
"419",14311,14309,"416824",665.163,157
"420",14361,14309,"1578576",493.497,157
"421",14418,14512,"416824",4353.784,158
"422",14394,14418,"415503",1944.898,158
"423",14417,14418,"416824",2408.638,158
"424",14689,14688,"465582",4190.904,159
"425",14528,14689,"465582",2529.356,159
"426",14668,14689,"459620",1659.505,159
"427",14804,14803,"1629903",71139.048,160
"428",13886,14804,"1629903",64284.327,160
"429",14796,14804,"465582",6848.335,160
"430",14900,15286,"1629903",200714.114,161
"431",14883,14900,"1629903",99680.904,161
"432",22603,14900,"756398",100832.595,161
"433",14927,14917,"411304",3866.398,162
"434",14929,14927,"411304",2160.357,162
"435",14935,14927,"410927",1705.082,162
"436",15009,14999,"410769",6048.279,163
"437",14924,15009,"411304",4400.278,163
"438",14986,15009,"421765",1647.588,163
"439",15109,15108,"410769",9859.446,164
"440",15122,15109,"410769",8879.387,164
"441",15172,15109,"424127",952.118,164
"442",15115,15116,"410769",8780.235,165
"443",15000,15115,"410769",6809.17,165
"444",15096,15115,"408636",1970.179,165
"445",15276,15275,"1629903",205024.935,166
"446",15278,15276,"1629903",201098.171,166
"447",15302,15276,"756378",3923.869,166
"448",15404,15403,"1629903",214234.354,167
"449",15434,15404,"1629903",211525.627,167
"450",15440,15404,"404425",2479.756,167
"451",15426,15438,"1629903",210604.237,168
"452",15291,15426,"1629903",205762.68,168
"453",15506,15426,"426395",4840.562,168
"454",15765,15787,"1629903",500388.059,169
"455",11548,15765,"425264",283557.635,169
"456",15410,15765,"1629903",216829.314,169
"457",15809,15808,"1629903",510461.917,170
"458",15812,15809,"1629903",503364.488,170
"459",15851,15809,"1296225",7085.638,170
"460",15854,15853,"1296225",701.95,171
"461",15855,15854,"1270879",698.386,171
"462",15878,15894,"1629903",529504.798,172
"463",15884,15878,"1629903",518707.329,172
"464",15935,15878,"83266",10795.114,172
"465",15891,15864,"1629903",564351.857,173
"466",15895,15891,"1629903",530116.32,173
"467",16001,15891,"78762",34233.435,173
"468",15963,15966,"78762",27018.418,174
"469",23114,15963,"78762",24419.023,174
"470",23158,15963,"51313",2596.245,174
"471",16079,16077,"1629903",618248.142,175
"472",15862,16079,"1629903",564444.916,175
"473",15898,16079,"78956",53798.926,175
"474",16169,16224,"695222",12629.493,176
"475",16168,16169,"691621",8645.098,176
"476",16279,16278,"695222",22239.848,177
"477",16286,16279,"695222",20355.373,177
"478",16291,16279,"678260",1843.062,177
"479",16291,16279,"678260",1843.062,178
"480",16293,16291,"678260",1252.349,178
"481",16294,16291,"693078",586.753,178
"482",16404,16403,"558280",7994.586,179
"483",16434,16404,"558280",4684.885,179
"484",16482,16404,"77521",3269.852,179
"485",16432,16431,"558280",4048.34,180
"486",16391,16432,"76487",862.296,180
"487",16410,16432,"558280",3184.432,180
"488",16521,16520,"558280",16318.634,181
"489",16534,16521,"558280",11434.173,181
"490",16554,16521,"78285",4882.857,181
"491",16640,16642,"558728",78334.109,182
"492",16643,16640,"558728",39614.647,182
"493",16735,16640,"558170",38717.338,182
"494",16646,16670,"559801",218132.36,183
"495",16647,16646,"558728",218095.816,183
"496",16725,16724,"558170",38332.147,184
"497",16676,16725,"555092",4728.254,184
"498",16805,16725,"558170",33603.043,184
"499",16775,16774,"558329",3233.895,185
"500",16737,16775,"553486",1562.974,185
"501",16776,16775,"558329",1659.535,185
"502",16805,16725,"558170",33603.043,186
"503",16617,16805,"558280",29691.104,186
"504",16790,16805,"558329",3910.935,186
"505",16810,16809,"1629903",652898.747,187
"506",16833,16810,"1629903",650608.131,187
"507",16886,16810,"693517",2215.06,187
"508",16815,16823,"1629903",649450.949,188
"509",16820,16815,"1629903",647608.115,188
"510",16852,16815,"666612",1839.283,188
"511",16830,16832,"1629903",641494.477,189
"512",16103,16830,"1629903",619165.309,189
"513",16104,16830,"695222",22298.104,189
"514",16951,16952,"533938",1072.698,190
"515",16946,16951,"558259",1068.359,190
"516",16961,16983,"1627574",224132.621,191
"517",16960,16961,"1627574",220591.115,191
"518",16997,16961,"560088",3539.411,191
"519",16989,16987,"1627574",227004.738,192
"520",16985,16989,"1627574",224215.469,192
"521",17078,16989,"559899",2786.229,192
"522",17139,17213,"1035890",2402.389,193
"523",17141,17139,"1035890",1480.952,193
"524",17165,17139,"649867",911.702,193
"525",17382,17381,"801119",568.87,194
"526",17384,17382,"1588484",398.765,194
"527",17448,17442,"756398",6433.178,195
"528",17341,17448,"785443",3986.124,195
"529",17348,17448,"801119",2446.94,195
"530",17507,17506,"756398",10486.914,196
"531",17545,17507,"756398",9407.735,196
"532",17592,17507,"802208",1078.69,196
"533",17549,17548,"799001",1727.898,197
"534",17607,17549,"799001",1347.688,197
"535",17693,17549,"792009",380.189,197
"536",17582,17597,"802208",854.977,198
"537",17583,17582,"801498",401.424,198
"538",17649,17648,"799001",1191.245,199
"539",17604,17649,"792559",925.891,199
"540",17715,17713,"756398",13271.656,200
"541",17744,17715,"756398",12700.759,200
"542",17789,17715,"785583",570.577,200
"543",17743,17739,"756398",12571.845,201
"544",17537,17743,"756398",10843.641,201
"545",17548,17743,"799001",1727.934,201
"546",18247,18246,"1035255",7818.993,202
"547",18274,18247,"798974",1529.254,202
"548",18280,18247,"1035255",6289.313,202
"549",18261,18262,"1035255",6274.613,203
"550",18263,18261,"1035255",5342.26,203
"551",18284,18261,"791524",928.708,203
"552",18461,18493,"779903",2317.443,204
"553",18454,18461,"1604544",2307.149,204
"554",18888,18874,"1035255",13976.831,205
"555",18388,18888,"1035255",7959.451,205
"556",18588,18888,"779903",6017.267,205
"557",18957,18958,"1035255",16002.014,206
"558",18751,18957,"789156",1010.105,206
"559",18826,18957,"1035255",14990.553,206
"560",19005,19006,"756398",32510,207
"561",18124,19005,"756398",16201.727,207
"562",18979,19005,"1035255",16308.064,207
"563",19420,19421,"1267017",1706.503,208
"564",19391,19420,"1267017",971.59,208
"565",19396,19420,"1265120",731.159,208
"566",19640,19641,"1598719",1897.736,209
"567",19397,19640,"1267017",1896.959,209
"568",19670,19671,"756398",36849.155,210
"569",19656,19670,"756398",34895.332,210
"570",19657,19670,"1598719",1953.103,210
"571",20203,20257,"756398",39045.287,211
"572",20227,20203,"756398",38289.949,211
"573",20258,20203,"835960",754.283,211
"574",20237,20238,"756398",40334.268,212
"575",20236,20237,"756398",39146.279,212
"576",20259,20237,"1261082",1187.692,212
"577",20401,20402,"837263",2671.719,213
"578",20400,20401,"837263",2298.106,213
"579",20422,20401,"1604424",373.586,213
"580",20624,20638,"204647",4674.909,214
"581",20623,20624,"837263",4673.859,214
"582",20638,20862,"835915",8200.065,215
"583",20624,20638,"204647",4674.909,215
"584",20795,20638,"201759",3525.15,215
"585",20889,20888,"835915",9654.531,216
"586",20891,20889,"835915",8583.306,216
"587",21104,20889,"830922",1071.178,216
"588",20923,20922,"835915",10780.244,217
"589",20924,20923,"835915",9850.146,217
"590",20949,20923,"829066",927.577,217
"591",20960,20959,"837295",493.649,218
"592",21002,20960,"837295",311.24,218
"593",21018,20960,"833601",182.272,218
"594",21102,21094,"830922",828.733,219
"595",20997,21102,"837295",520.158,219
"596",21023,21102,"831710",308.504,219
"597",21108,21083,"830922",966.961,220
"598",21095,21108,"830922",867.84,220
"599",21135,21108,"828014",98.882,220
"600",21242,21241,"756398",43298.654,221
"601",21262,21242,"756398",42160.999,221
"602",21273,21242,"657126",1104.121,221
"603",21261,21260,"756398",41660.933,222
"604",20233,21261,"756398",40669.635,222
"605",20311,21261,"1253923",989.591,222
"606",21382,21380,"756398",55412.853,223
"607",20941,21382,"835915",11168.676,223
"608",21361,21382,"756398",44243.366,223
"609",21428,21437,"723379",1307.153,224
"610",21429,21428,"462890",743.027,224
"611",21467,21466,"756398",57078.939,225
"612",21385,21467,"756398",55700.458,225
"613",21438,21467,"723379",1378.377,225
"614",21831,21830,"485184",1714.493,226
"615",21792,21831,"485314",1713.217,226
"616",21866,21867,"485184",3334.055,227
"617",21764,21866,"485443",1614.885,227
"618",21828,21866,"485184",1717.971,227
"619",21901,21900,"485184",4973.613,228
"620",21859,21901,"485184",3486.823,228
"621",22010,21901,"485505",1485.295,228
"622",21986,21984,"485505",1146.06,229
"623",21987,21986,"485505",716.203,229
"624",22026,21986,"473167",427.664,229
"625",22139,22463,"715736",1609.907,230
"626",22089,22139,"455352",1606.871,230
"627",22269,22228,"756484",11027.813,231
"628",22268,22269,"756484",10012.187,231
"629",22285,22269,"723353",986.85,231
"630",22463,22462,"756398",77756.238,232
"631",22139,22463,"715736",1609.907,232
"632",22465,22463,"756398",76145.7,232
"633",22469,22468,"756398",76069.735,233
"634",22078,22469,"718673",5083.671,233
"635",22470,22469,"756398",70984.913,233
"636",22504,22503,"756398",69123.929,234
"637",21517,22504,"756398",61797.382,234
"638",21909,22504,"485184",7324.235,234
"639",22596,22539,"756398",95194.274,235
"640",22329,22596,"756484",12698.705,235
"641",22598,22596,"756398",82491.379,235
"642",22645,22646,"756398",99513.163,236
"643",22388,22645,"750029",3704.032,236
"644",22531,22645,"756398",95799.306,236
"645",22929,22923,"78762",11336.983,237
"646",22906,22929,"78762",9340.447,237
"647",22937,22929,"77861",1995.405,237
"648",23065,23064,"66965",5588.637,238
"649",22969,23065,"66965",2404.058,238
"650",22971,23065,"48270",3182.474,238
"651",23103,23102,"78762",23483.823,239
"652",22912,23103,"78762",13036.261,239
"653",23073,23103,"66965",10447.159,239
"654",23299,23289,"78956",2490.995,240
"655",23287,23299,"78956",2144.602,240
"656",23302,23299,"201784",345.33,240
"657",23386,23385,"78956",3164.937,241
"658",23387,23386,"473890",33.065,241
"659",23401,23386,"78956",3131.623,241
"660",23482,23488,"78956",4316.165,242
"661",23489,23482,"78956",4078.227,242
"662",23576,23482,"470132",237.85,242
"663",23541,23577,"470132",189.655,243
"664",23537,23541,"485476",82.907,243
"665",23893,23892,"470527",768.521,244
"666",23894,23893,"470527",496.712,244
"667",23941,23893,"1091288",269.101,244
"668",23901,23900,"470527",454.71,245
"669",23934,23901,"470112",44.497,245
"670",23935,23901,"470527",404.83,245
"671",24043,24042,"78956",6140.623,246
"672",23835,24043,"78956",5310.654,246
"673",23927,24043,"470527",827.54,246
"674",24059,24060,"78956",8803.18,247
"675",23817,24059,"1091369",1873.456,247
"676",24058,24059,"78956",6929.207,247
"677",24146,24144,"1099243",4565.17,248
"678",24147,24146,"1099243",3849.76,248
"679",24155,24146,"1090157",715.009,248
"680",24189,24188,"1095788",820.032,249
"681",24173,24189,"1095788",313.225,249
"682",24237,24189,"477526",506.689,249
"683",24409,24408,"1101881",883.935,250
"684",24410,24409,"1101881",581.051,250
"685",24465,24409,"915868",302.824,250
"686",24907,24906,"1101881",8395.26,251
"687",24882,24907,"1101886",3527.512,251
"688",24883,24907,"1101881",4866.616,251
"689",24893,24907,NA,111.421,251
"690",25056,25112,"78956",14796.623,252
"691",24123,25056,"1099243",5038.55,252
"692",25102,25056,"78956",9757.809,252
"693",25112,25111,"78956",24691.082,253
"694",24359,25112,"1095788",9891.237,253
"695",25056,25112,"78956",14796.623,253
"696",25127,25125,"78956",26996.156,254
"697",25124,25127,"78956",25045.742,254
"698",25193,25127,"1094043",1948.478,254
"699",25482,25479,"1364065",313.173,255
"700",25446,25482,"1364065",223.818,255
"701",25483,25482,"1092583",88.764,255
"702",25543,25549,"558728",828.749,256
"703",25399,25543,"1375939",178.171,256
"704",25518,25543,"558728",650.038,256
"705",25545,25546,"558728",531.015,257
"706",25346,25545,"1101908",530.399,257
"707",25574,25573,"558728",1599.694,258
"708",25581,25574,"558728",1301.656,258
"709",25623,25574,"1364947",297.853,258
"710",25580,25579,"558728",1291.135,259
"711",25481,25580,"1364065",455.682,259
"712",25538,25580,"558728",835.337,259
"713",25585,25622,"1364947",219.511,260
"714",25586,25585,"1362739",99.989,260
"715",25699,25698,"558728",2226.759,261
"716",25627,25699,"558728",1894.304,261
"717",25717,25699,"1376777",331.683,261
"718",25747,25748,"558728",5423.94,262
"719",25739,25747,"558728",3462.836,262
"720",25749,25747,"1101723",1957.112,262
"721",26042,26043,"558728",20156.64,263
"722",25939,26042,"558728",13574.691,263
"723",25987,26042,"72417",6580.91,263
"724",26072,26077,"558728",29098.941,264
"725",26068,26072,"558728",25182.889,264
"726",26120,26072,"534281",3914.431,264
"727",26114,26111,"558728",34415.642,265
"728",26056,26114,"558728",32913.079,265
"729",26095,26114,"553244",1496.422,265
"730",26118,26117,"556286",3433.326,266
"731",26122,26118,"1372544",2960.154,266
"732",26120,26072,"534281",3914.431,267
"733",26115,26120,"556286",3579.555,267
"734",26119,26120,"534281",332.081,267
"735",26489,26488,"1348789",1544.656,268
"736",26410,26489,"1383210",601.865,268
"737",26454,26489,"1373653",938.828,268
"738",26490,26462,"1348789",3510.914,269
"739",26463,26490,"1348789",2842.061,269
"740",26493,26490,"1332411",665.565,269
"741",26554,26546,"1348789",4327.233,270
"742",26460,26554,"1348789",3567.973,270
"743",26520,26554,"1375729",754.948,270
"744",26831,26830,"1384148",678.189,271
"745",26741,26831,"1373435",351.616,271
"746",26768,26831,"1375938",326.04,271
"747",26910,26916,"1384148",1465.598,272
"748",26769,26910,"1384148",916.373,272
"749",26837,26910,"1385454",548.568,272
"750",27226,27216,"1384149",2952.045,273
"751",27242,27226,"1384149",2794.767,273
"752",27245,27226,"1377778",156.824,273
"753",27502,27458,"1385432",5111.264,274
"754",27460,27502,"1385432",4116.441,274
"755",27505,27502,"923661",993.198,274
"756",27882,28116,"1385432",13457.937,275
"757",27900,27882,"1385432",13131.941,275
"758",27918,27882,"1373388",325.838,275
"759",27885,27883,"1385432",13016.082,276
"760",27890,27885,"1385432",10265.226,276
"761",28111,27885,"1384150",2739.962,276
"762",28448,28449,"45730",3152.625,277
"763",28496,28448,"45730",2530.151,277
"764",28523,28448,"174007",622.302,277
"765",28558,28604,"45730",9675.319,278
"766",28593,28558,"45730",5913.301,278
"767",28694,28558,"201748",3760.565,278
"768",28590,28589,"45730",4760.213,279
"769",28495,28590,"45730",3288.24,279
"770",28526,28590,"174812",1469.815,279
"771",28776,28775,"45730",11566.867,280
"772",28722,28776,"45730",9793.119,280
"773",28742,28776,"1440517",1773.519,280
"774",29021,29020,"169566",3493.702,281
"775",29022,29021,"169566",2363.084,281
"776",29044,29021,"201744",1128.742,281
"777",29203,29202,"1428399",7199.25,282
"778",28886,29203,"1428399",3689.876,282
"779",29045,29203,"169566",3509.123,282
"780",29279,29262,"1428399",10588.38,283
"781",29173,29279,"204653",1210.263,283
"782",29263,29279,"1428399",9378.008,283
"783",29354,29353,"45730",23354.2,284
"784",28778,29354,"45730",11731.037,284
"785",29335,29354,"1428399",11623.143,284
"786",29390,29389,"45730",24247.517,285
"787",29391,29390,"45730",24011.92,285
"788",29416,29390,"1440961",235.531,285
"789",29511,NA,"1454998",1932.582,286
"790",29509,29511,"1454998",1442.198,286
"791",29510,29511,"938722",488.331,286
"792",29578,29558,"1454998",3264.715,287
"793",29454,29578,"1454998",2024.449,287
"794",29513,29578,"900284",1240.252,287
"795",30069,30070,"45730",37293.815,288
"796",30071,30069,"45730",32122.739,288
"797",30223,30069,"42838",5171.065,288
"798",30116,30115,"33995",3006.481,289
"799",30141,30116,"33995",1911.384,289
"800",30177,30116,"35768",1094.719,289
"801",30216,30217,"42838",4877.789,290
"802",30074,30216,"42838",1680.842,290
"803",30142,30216,"33995",3017.1,290
"804",30479,30478,"798973",6894.562,291
"805",30480,30479,"798973",3785.393,291
"806",30486,30479,"779961",3109.122,291
"807",30485,30484,"798973",3616.37,292
"808",30364,30485,"798973",1758.807,292
"809",30390,30485,"800475",1857.492,292
"810",30503,30528,"783518",5558.813,293
"811",30504,30503,"787275",2636.31,293
"812",30513,30514,"783518",9517.111,294
"813",30512,30513,"783518",5611.859,294
"814",30547,30513,"790966",3903.146,294
"815",30589,30588,"790966",525.493,295
"816",30590,30589,"800672",229.777,295
"817",30693,30761,"386803",25524.977,296
"818",30694,30693,"798973",25456.051,296
"819",30716,30715,"798973",22002.037,297
"820",30426,30716,"798973",9294.813,297
"821",30643,30716,"783518",12706.32,297
"822",30930,30929,"1140014",104225.849,298
"823",30876,30930,"391131",7644.278,298
"824",30982,30930,"1140014",96581.422,298
"825",30968,30967,"1140014",91477.358,299
"826",30330,30968,"384301",15995.242,299
"827",30768,30968,"1533197",29815.68,299
"828",30999,30998,"1140014",109067.834,300
"829",31000,30999,"1140014",104401.542,300
"830",31047,30999,"1523981",4665.628,300
"831",31152,31150,"1140014",123428.62,301
"832",31151,31152,"1140014",117006.227,301
"833",31168,31152,"1528343",6422.337,301
"834",31205,31204,"1528343",6171.28,302
"835",31206,31205,"1527312",6171.245,302
"836",31296,31298,"1533479",9955.14,303
"837",31295,31296,"1533479",6647.026,303
"838",31304,31296,"383107",3307.791,303
"839",31354,31353,"383107",2325.703,304
"840",31359,31354,"381583",905.948,304
"841",31378,31354,"383107",1419.646,304
"842",31374,31373,"381583",654.905,305
"843",31376,31374,"1605133",390.986,305
"844",31513,31663,"1533479",14784.902,306
"845",31512,31513,"1533479",13770.642,306
"846",31567,31513,"1147319",1014.259,306
"847",31664,31645,"1533479",21938.951,307
"848",31646,31664,"1533479",18473.701,307
"849",31665,31664,"388284",3465.169,307
"850",31818,31817,"1533479",42989.979,308
"851",31832,31818,"1533479",40049.973,308
"852",31834,31818,"1505215",2939.587,308
"853",31831,31830,"1533479",40040.024,309
"854",31760,31831,"1533479",26139.135,309
"855",32103,31831,"400069",13900.719,309
"856",31930,31929,"1533479",58837.858,310
"857",31801,31930,"1533479",43108.674,310
"858",31931,31930,"379406",15728.897,310
"859",32241,32240,"385022",1155.599,311
"860",32242,32241,"400173",644.527,311
"861",32243,32308,"379406",8292.335,312
"862",32244,32243,"386806",6801.871,312
"863",32259,32258,"386806",6714.396,313
"864",32179,32259,"390102",3873.995,313
"865",32197,32259,"385022",2837.917,313
"866",32285,32284,"379406",14826.318,314
"867",32286,32285,"379406",9320.427,314
"868",32342,32285,"387675",5504.224,314
"869",32385,32466,"1140014",187622.936,315
"870",32386,32385,"1140014",185801.693,315
"871",32422,32385,"1144304",1820.59,315
"872",32417,32416,"1140014",183580.394,316
"873",31149,32417,"1140014",123430.451,316
"874",31932,32417,"1533479",60149.853,316
"875",32458,32457,"1140014",192537.645,317
"876",32459,32458,"1140014",187629.363,317
"877",32467,32458,"1140916",4906.921,317
"878",32556,32631,"1140916",3559.073,318
"879",32557,32556,"1140916",2770.143,318
"880",32561,32556,"1146118",788.894,318
"881",32748,32819,"1158060",6109.735,319
"882",32749,32748,"1146168",4261.388,319
"883",32813,32812,"1158060",11545.306,320
"884",32814,32813,"1158060",6174.689,320
"885",32821,32813,"1136527",5364.325,320
"886",32822,32915,"1158060",24000.896,321
"887",32779,32822,"1158060",15207.389,321
"888",32849,32822,"1163256",7645.121,321
"889",32854,32853,"1163256",7593.263,322
"890",32855,32854,"1150077",4181.368,322
"891",32936,32935,"1140014",240526.816,323
"892",32924,32936,"1158060",36473.885,323
"893",32937,32936,"1140014",204047.17,323
"894",33155,33154,"1151643",7405.046,324
"895",33064,33155,"1147070",3925.99,324
"896",33067,33155,"1150090",3469.301,324
"897",33284,33307,"1505048",15279.368,325
"898",33285,33284,"1508543",15270.895,325
"899",33285,33284,"1508543",15270.895,326
"900",33286,33285,"1525850",15270.42,326
"901",33310,33396,"1509417",4076.841,327
"902",33311,33310,"1508743",4074.101,327
"903",33319,33318,"1508743",3698.668,328
"904",33320,33319,"1523850",1948.883,328
"905",33342,33341,"1525899",3335.111,329
"906",33343,33342,"1526250",2245.379,329
"907",33373,33374,"1526021",2558.614,330
"908",33375,33373,"1523089",1178.858,330
"909",33395,33394,"1508473",8986.368,331
"910",33352,33395,"1525899",5211.274,331
"911",33353,33395,"1526021",3771.1,331
"912",33448,33454,"266887",2840.033,332
"913",33449,33448,"1161418",2839.894,332
"914",33535,33536,"266887",22321.179,333
"915",33599,33535,"266887",13487.06,333
"916",33628,33535,"236551",8826.633,333
"917",33644,33677,"1654947",6636.65,334
"918",33646,33644,"1654947",4430.751,334
"919",33660,33644,"266985",2180.719,334
"920",33677,33676,"1654949",8602.017,335
"921",33644,33677,"1654947",6636.65,335
"922",33678,33677,"1654949",1954.334,335
"923",33865,33866,"1654949",33137.108,336
"924",33694,33865,"1654949",19035.155,336
"925",33833,33865,"223423",14101.872,336
"926",33911,33944,"234362",14154.623,337
"927",33912,33911,"273488",14145.787,337
