"","G_ID","R_ID","Gauge_pvalue","Remote_pvalue","Gauge_TAU","Remote_TAU","Median_TP","Gauge_Trend_Type","Remote_Trend_Type","Year","Correlation"
"1","1119USBR_WQX-AFE123",31445,0.13312848419606,1,-0.523809523809524,-0.0476190476190476,0.0786071428571429,"Decreasing","Decreasing",7,0.452471397694852
"2","1119USBR_WQX-BLA101",31682,0.76389059347054,0.22955621387892,-0.142857142857143,-0.428571428571429,0.034,"Decreasing","Decreasing",7,-0.144787002015178
"3","1119USBR_WQX-EMM025",31674,0.275757847827509,0.755496874928883,-0.272727272727273,-0.0909090909090909,0.0477083333333333,"Decreasing","Decreasing",11,0.335593385381973
"4","21GAEPD_WQX-RV_01_109",4448,0.587642595497842,0.133361376768543,0.0771431720135896,-0.207977207977208,0.1125,"Increasing","Decreasing",27,-0.156950155312897
"5","21GAEPD_WQX-RV_01_87",4392,0.4127808038097,0.0130433713952793,-0.126732921739135,-0.375494071146245,0.1175,"Decreasing","Decreasing",23,0.0932072260989608
"6","21GAEPD_WQX-RV_01_94",4365,1,1,0.333333333333333,-0.333333333333333,0.1025,"Increasing","Decreasing",3,-0.257568764851209
"7","21GAEPD_WQX-RV_01_96",4401,0.80649594050734,0.462432726450476,0.2,-0.4,0.109166666666667,"Increasing","Decreasing",5,-0.0802081306005463
"8","21GAEPD_WQX-RV_02_310",4472,0.462432726450476,0.220671361919847,0.4,0.6,0.108333333333333,"Increasing","Increasing",5,0.983997969028981
"9","21GAEPD_WQX-RV_03_502",4501,0.367520738242143,0.548005572361309,-0.333333333333333,0.238095238095238,0.240416666666667,"Decreasing","Increasing",7,-0.292043250689467
"10","21GAEPD_WQX-RV_03_603",4579,0.0274863361115103,0.0864107329737,-1,-0.8,0.0375,"Decreasing","Decreasing",5,0.757777702437179
"11","21GAEPD_WQX-RV_03_606",4574,0.0241705471745452,0.707114231289961,-0.866666666666667,-0.2,0.0555833333333333,"Decreasing","Decreasing",6,0.692909448372891
"12","21GAEPD_WQX-RV_03_640",4551,0.87987910365772,0.739763807728124,0.0287084625881607,-0.0571428571428571,0.0983333333333333,"Increasing","Decreasing",21,0.130483898003661
"13","21GAEPD_WQX-RV_03_653",4547,0.308179547467054,0.734095182319476,0.666666666666667,-0.333333333333333,0.0688958333333333,"Increasing","Decreasing",4,-0.149585053576834
"14","21GAEPD_WQX-RV_03_654",4538,1,1,-0.333333333333333,-0.333333333333333,0.0658333333333333,"Decreasing","Decreasing",3,-0.102286865380819
"15","21GAEPD_WQX-RV_05_2165",4614,0.787615766702206,0.858027656987521,-0.0898933149950989,-0.0666666666666667,0.0379166666666667,"Decreasing","Decreasing",10,-0.22096649155662
"16","21GAEPD_WQX-RV_05_2167",4639,0.548005572361309,0.76389059347054,-0.238095238095238,-0.142857142857143,0.0466666666666667,"Decreasing","Decreasing",7,0.609749675352235
"17","21GAEPD_WQX-RV_05_2203",4696,0.0763327403763572,0.916965236628864,-0.5,0.0555555555555556,0.095,"Decreasing","Increasing",9,-0.19000152159375
"18","21GAEPD_WQX-RV_05_2222",4667,1,1,0.333333333333333,0.333333333333333,0.0575,"Increasing","Increasing",3,0.998417707925695
"19","21GAEPD_WQX-RV_05_2223",4654,0.960421961844121,0.47193904041631,-0.0108893101296094,-0.108695652173913,0.0733333333333333,"Decreasing","Decreasing",24,0.173555446685738
"20","21GAEPD_WQX-RV_06_2840",4759,1,1,0.333333333333333,0.333333333333333,0.0733333333333333,"Increasing","Increasing",3,0.998065200091794
"21","21GAEPD_WQX-RV_06_2844",4779,0.0274863361115103,0.220671361919847,1,0.6,0.0613333333333333,"Increasing","Increasing",5,0.826191046104202
"22","21GAEPD_WQX-RV_06_2846",4777,0.217377271236596,0.721176307474874,0.205805465729924,0.0631578947368421,0.0852083333333333,"Increasing","Increasing",20,-0.331004609725694
"23","21GAEPD_WQX-RV_06_2852",4740,0.80649594050734,0.0274863361115103,-0.2,1,0.0708333333333333,"Decreasing","Increasing",5,-0.395912498596922
"24","21GAEPD_WQX-RV_07_3004",4800,0.308179547467054,0.734095182319476,0.666666666666667,0.333333333333333,0.1971875,"Increasing","Increasing",4,0.921534690165001
"25","21KAN001_WQX-SC003",21747,0.734095182319476,0.308179547467054,-0.333333333333333,-0.666666666666667,0.307083333333333,"Decreasing","Decreasing",4,-0.152141238253255
"26","21KAN001_WQX-SC036",23502,0.0711267274899405,0.194595140496186,-0.281385281385281,-0.203463203463203,0.153875,"Decreasing","Decreasing",22,0.106874454635933
"27","21KAN001_WQX-SC098",24238,0.114961000967301,0.123715178751739,0.27059291687297,0.263157894736842,0.172083333333333,"Increasing","Increasing",19,0.167333856830028
"28","21KAN001_WQX-SC214",24286,1,0.191670591422755,0,-0.25,0.1763125,"Increasing","Decreasing",16,0.111386325907886
"29","21KAN001_WQX-SC215",24073,0.892558465851561,0.392314347285355,-0.0333333333333333,-0.166666666666667,0.156,"Decreasing","Decreasing",16,-0.0164526023746376
"30","21KAN001_WQX-SC218",23469,0.0420851932928949,0.0240810051773448,0.318089582916401,-0.350649350649351,0.51375,"Increasing","Decreasing",22,0.00338879605976305
"31","21KAN001_WQX-SC232",22042,0.0274863361115103,0.220671361919847,1,0.6,0.53875,"Increasing","Increasing",5,0.652556924073374
"32","21KAN001_WQX-SC240",21984,1,0.452370360677361,-0.0666666666666667,-0.333333333333333,0.532708333333333,"Decreasing","Decreasing",6,0.309521020443117
"33","21KAN001_WQX-SC250",21920,1,0.296269871484286,-0.333333333333333,-1,0.307738095238095,"Decreasing","Decreasing",3,0.572946083820106
"34","21KAN001_WQX-SC254",21928,0.310046020853823,0.175895749022767,-0.16017316017316,-0.212121212121212,0.3525,"Decreasing","Decreasing",22,0.668605269712184
"35","21KAN001_WQX-SC255",21946,0.76389059347054,0.76389059347054,-0.142857142857143,0.142857142857143,0.39625,"Decreasing","Increasing",7,-0.0654114771544067
"36","21KAN001_WQX-SC256",21941,1,1,-0.333333333333333,-0.333333333333333,0.357464285714286,"Decreasing","Decreasing",3,0.655325853662902
"37","21KAN001_WQX-SC257",21936,0.431752637063439,0.566142727568169,0.129499754190515,-0.0952380952380952,0.3475,"Increasing","Decreasing",21,0.481657443757524
"38","21KAN001_WQX-SC259",21885,0.278716751929113,0.751300150198796,0.166336959782615,-0.0513833992094862,0.305,"Increasing","Decreasing",23,0.501695062778157
"39","21KAN001_WQX-SC260",21896,0.110838581102128,0.721538652049639,0.211822660098522,-0.0492610837438424,0.338333333333333,"Increasing","Decreasing",29,0.627764904096405
"40","21KAN001_WQX-SC261",22007,0.0894293590289935,0.308179547467054,1,0.666666666666667,0.190184523809524,"Increasing","Increasing",4,0.561706368567846
"41","21KAN001_WQX-SC262",21858,0.25965635637045,0.452370360677361,-0.466666666666667,-0.333333333333333,0.270916666666667,"Decreasing","Decreasing",6,0.840061264354356
"42","21KAN001_WQX-SC264",21828,0.220671361919847,1,0.6,0,0.32375,"Increasing","Increasing",5,0.528128384340664
"43","21KAN001_WQX-SC265",21810,0.602167527748196,0.916965236628864,-0.166666666666667,0.0555555555555556,0.38,"Decreasing","Increasing",9,0.727772264253
"44","21KAN001_WQX-SC278",23629,1,0.296269871484286,0.333333333333333,-1,0.269583333333333,"Increasing","Decreasing",3,-0.910682926708371
"45","21KAN001_WQX-SC281",23483,0.0912390290553886,0.174033580208164,0.308823529411765,-0.25,0.51875,"Increasing","Decreasing",17,0.103707353836777
"46","21KAN001_WQX-SC503",21760,1,1,0.0666666666666667,0.0666666666666667,0.350625,"Increasing","Increasing",6,0.07915820847913
"47","21KAN001_WQX-SC510",21744,0.602167527748196,0.0763327403763572,0.166666666666667,0.5,0.35,"Increasing","Increasing",9,0.445561429652017
"48","21KAN001_WQX-SC518",21864,0.433826840365301,0.59230128143299,0.147058823529412,-0.102941176470588,0.29125,"Increasing","Decreasing",17,0.61238600181531
"49","21KAN001_WQX-SC524",23462,0.901538626657128,0.536186771900174,-0.0714285714285714,-0.214285714285714,0.410833333333333,"Decreasing","Decreasing",8,0.125430385108995
"50","21KAN001_WQX-SC527",23479,0.306103466256999,0.0339090759496075,-0.183607544251748,-0.372549019607843,0.42625,"Decreasing","Decreasing",18,0.377961196042346
"51","21KAN001_WQX-SC536",23453,0.114756734318649,0.9453298708327,-0.363636363636364,0.0303030303030303,0.259375,"Decreasing","Increasing",12,-0.022382982705601
"52","21KAN001_WQX-SC560",24253,0.80649594050734,0.80649594050734,-0.2,-0.2,0.17325,"Decreasing","Decreasing",5,-0.297740118032561
"53","21KAN001_WQX-SC563",24081,1,1,-0.333333333333333,-0.333333333333333,0.132875,"Decreasing","Decreasing",3,-0.597394012353257
"54","21KAN001_WQX-SC566",24319,0.545701386215353,0.739763807728124,0.100238948966717,-0.0571428571428571,0.1745,"Increasing","Decreasing",21,0.362601642252178
"55","21KAN001_WQX-SC741",22027,0.80649594050734,0.462432726450476,0.2,0.4,0.45875,"Increasing","Increasing",5,0.117902466934429
"56","21KAN001_WQX-SC758",23432,1,1,0.333333333333333,0.333333333333333,0.2425,"Increasing","Increasing",3,0.875860961849129
"57","21KY_WQX-PRI055",10376,1,1,0,0,0.0534333333333333,"Increasing","Increasing",5,0.886303028004514
"58","21KY_WQX-PRI058",10236,1,1,-0.333333333333333,0.333333333333333,0.028175,"Decreasing","Increasing",3,0.974847179984008
"59","21KY_WQX-PRI066",10249,0.296269871484286,1,-1,-0.333333333333333,0.126975,"Decreasing","Decreasing",3,0.534874901718878
"60","21KY_WQX-PRI114",10312,0.296269871484286,1,-1,-0.333333333333333,0.0735416666666667,"Decreasing","Decreasing",3,0.0695503524275162
"61","21MICH_WQX-030077",7644,1,0.296269871484286,-0.333333333333333,1,0.081375,"Decreasing","Increasing",3,-0.625549535815225
"62","21MSWQ_WQX-02478500",6966,0.858027656987521,0.591505036994917,0.0666666666666667,-0.155555555555556,0.0722916666666667,"Increasing","Decreasing",10,0.412481819018241
"63","21MSWQ_WQX-02486500",15528,0.0864107329737,1,-0.8,0,0.195833333333333,"Decreasing","Increasing",5,-0.295077278899001
"64","21MSWQ_WQX-07292500",16868,0.80649594050734,1,-0.2,0,0.0666666666666667,"Decreasing","Increasing",5,-0.714786374691171
"65","21OHIO_WQX-500820",8104,1,0.308179547467054,0,-0.666666666666667,0.0800416666666667,"Increasing","Decreasing",4,0.127630796649957
"66","21OHIO_WQX-610060",10012,0.296269871484286,1,-1,-0.333333333333333,0.162291666666667,"Decreasing","Decreasing",3,0.0504874259440362
"67","21OHIO_WQX-H09S13",9991,0.0602891739906021,0.452370360677361,-0.733333333333333,-0.333333333333333,0.259,"Decreasing","Decreasing",6,-0.0763219519325312
"68","21PA_WQX-WQN0201",2307,0.0476039547278715,0.465512169874187,-0.555555555555556,0.222222222222222,0.0735416666666667,"Decreasing","Increasing",9,0.390440428130137
"69","21PA_WQX-WQN0203",2170,0.25965635637045,1,-0.466666666666667,0.0666666666666667,0.062225,"Decreasing","Increasing",6,-0.236035389777647
"70","21PA_WQX-WQN0214",2232,0.303673214899419,0.372691490471518,-0.242424242424242,0.212121212121212,0.0511607142857143,"Decreasing","Increasing",12,-0.251291812641424
"71","21PA_WQX-WQN0306",1867,0.462432726450476,0.462432726450476,-0.4,-0.4,0.039125,"Decreasing","Decreasing",5,0.722554329458041
"72","21PA_WQX-WQN0323",1949,0.734095182319476,0.734095182319476,-0.333333333333333,0.333333333333333,0.038375,"Decreasing","Increasing",4,-0.637372552806963
"73","21PA_WQX-WQN0404",2043,0.296269871484286,1,-1,-0.333333333333333,0.0285833333333333,"Decreasing","Decreasing",3,0.559858066301326
"74","21PA_WQX-WQN0448",2149,0.132854955731054,0.707114231289961,-0.6,0.2,0.0328208333333333,"Decreasing","Increasing",6,-0.32549458948907
"75","21PA_WQX-WQN0701",8980,0.465512169874187,0.348082623632924,-0.222222222222222,-0.277777777777778,0.0351666666666667,"Decreasing","Decreasing",9,0.184824520172254
"76","21PA_WQX-WQN0702",8993,1,0.591505036994917,0.0222222222222222,0.155555555555556,0.0315416666666667,"Increasing","Increasing",10,-0.22724891309739
"77","21PA_WQX-WQN0706",9041,0.707114231289961,1,-0.2,0.0666666666666667,0.027625,"Decreasing","Increasing",6,-0.272606059652964
"78","21PA_WQX-WQN0732",8986,0.0602891739906021,0.0602891739906021,0.733333333333333,0.733333333333333,0.032625,"Increasing","Increasing",6,0.255678118891923
"79","21PA_WQX-WQN0810",8825,0.734095182319476,0.734095182319476,0.333333333333333,0.333333333333333,0.03875,"Increasing","Increasing",4,-0.638147501459601
"80","21PA_WQX-WQN0845",8736,1,1,-0.333333333333333,-0.333333333333333,0.02775,"Decreasing","Decreasing",3,-0.0457591700089173
"81","21PA_WQX-WQN0867",8654,1,0.707114231289961,0.0666666666666667,0.2,0.0295208333333333,"Increasing","Increasing",6,-0.00100249872197585
"82","21PA_WQX-WQN0884",8797,0.462432726450476,0.220671361919847,0.4,0.6,0.032,"Increasing","Increasing",5,0.492449607058613
"83","21PA_WQX-WQN0901",9085,0.754454177494089,0.0763327403763572,-0.111111111111111,0.5,0.0530416666666667,"Decreasing","Increasing",9,-0.357065035184685
"84","21PA_WQX-WQN0902",9102,0.465512169874187,0.251452186508022,-0.222222222222222,0.333333333333333,0.0413958333333333,"Decreasing","Increasing",9,-0.306685148595486
"85","21PA_WQX-WQN0905",9124,0.251452186508022,0.175308080808274,-0.333333333333333,0.388888888888889,0.12125,"Decreasing","Increasing",9,-0.568878719037595
"86","21PA_WQX-WQN0906",9133,0.0864107329737,0.80649594050734,0.8,0.2,0.158,"Increasing","Increasing",5,-0.0345845058735346
"87","21SC60WQ_WQX-B-042",3941,0.175308080808274,0.0476039547278715,0.388888888888889,-0.555555555555556,0.103333333333333,"Increasing","Decreasing",9,-0.372590536080005
"88","21SC60WQ_WQX-B-044",3934,0.0894293590289935,0.734095182319476,1,0.333333333333333,0.105625,"Increasing","Increasing",4,0.871560035431662
"89","21SC60WQ_WQX-B-046",3980,0.22955621387892,0.76389059347054,0.428571428571429,0.142857142857143,0.20175,"Increasing","Increasing",7,0.23812239557928
"90","21SC60WQ_WQX-B-047",3974,0.734095182319476,0.308179547467054,0.333333333333333,0.666666666666667,0.1010625,"Increasing","Increasing",4,-0.210835865598992
"91","21SC60WQ_WQX-B-337",3992,0.00487856447503363,0.175308080808274,0.777777777777778,-0.388888888888889,0.0530833333333333,"Increasing","Decreasing",9,-0.549574854129748
"92","21SC60WQ_WQX-B-351",3979,0.308179547467054,0.734095182319476,-0.666666666666667,0.333333333333333,0.0925833333333333,"Decreasing","Increasing",4,0.23363984847593
"93","21SC60WQ_WQX-C-007",4065,0.371093369522698,0.720514787136255,0.244444444444444,-0.111111111111111,0.0573958333333333,"Increasing","Decreasing",10,-0.384387068504965
"94","21SC60WQ_WQX-C-074",4055,0.474274350767329,0.858027656987521,0.2,-0.0666666666666667,0.0658333333333333,"Increasing","Decreasing",10,-0.703636003080328
"95","21SC60WQ_WQX-CSTL-062",4164,1,0.734095182319476,0,-0.333333333333333,0.0264375,"Increasing","Decreasing",4,0.876343524115544
"96","21SC60WQ_WQX-CSTL-085",4146,0.132854955731054,0.452370360677361,0.6,0.333333333333333,0.0345208333333333,"Increasing","Increasing",6,0.0144825289481652
"97","21SC60WQ_WQX-CW-014",3867,0.22955621387892,0.76389059347054,0.428571428571429,-0.142857142857143,0.039125,"Increasing","Decreasing",7,-0.408740366404531
"98","21SC60WQ_WQX-CW-016",3854,1,1,-0.0476190476190476,-0.0476190476190476,0.129666666666667,"Decreasing","Decreasing",7,0.855678990006805
"99","21SC60WQ_WQX-CW-019",3894,0.0864107329737,0.462432726450476,-0.8,-0.4,0.05525,"Decreasing","Decreasing",5,0.230545679512821
"100","21SC60WQ_WQX-CW-041",3859,0.901538626657128,0.265510388953874,-0.0714285714285714,-0.357142857142857,0.148333333333333,"Decreasing","Decreasing",8,0.648629213135386
"101","21SC60WQ_WQX-CW-206",3914,0.0154909404828918,1,-0.587180674734059,0.0181818181818182,0.0496666666666667,"Decreasing","Increasing",11,-0.0471150843073845
"102","21SC60WQ_WQX-CW-222",3910,0.296269871484286,1,1,-0.333333333333333,0.0819166666666667,"Increasing","Decreasing",3,-0.688491647736979
"103","21SC60WQ_WQX-E-015",4180,1,1,0.333333333333333,0.333333333333333,0.0730625,"Increasing","Increasing",3,0.940681026586046
"104","21SC60WQ_WQX-MD-119",4192,0.734095182319476,0.734095182319476,0.333333333333333,0.333333333333333,0.0556875,"Increasing","Increasing",4,0.943333902568514
"105","21SC60WQ_WQX-MD-138",3738,0.175308080808274,1,-0.388888888888889,0,0.0745833333333333,"Decreasing","Increasing",9,0.175520727347406
"106","21SC60WQ_WQX-MD-145",3743,0.754454177494089,0.916965236628864,0.111111111111111,-0.0555555555555556,0.0433333333333333,"Increasing","Decreasing",9,0.0921812893511094
"107","21SC60WQ_WQX-PD-012",3705,0.720514787136255,0.591505036994917,0.111111111111111,-0.155555555555556,0.0708958333333333,"Increasing","Decreasing",10,-0.421946980488566
"108","21SC60WQ_WQX-PD-015",3664,0.0894293590289935,0.0894293590289935,-1,-1,0.078625,"Decreasing","Decreasing",4,0.799697858948854
"109","21SC60WQ_WQX-PD-028",3708,0.617988644260721,0.265510388953874,-0.181848241863327,0.357142857142857,0.091,"Decreasing","Increasing",8,-0.787965172402644
"110","21SC60WQ_WQX-PD-060",3778,0.548005572361309,0.76389059347054,-0.238095238095238,0.142857142857143,0.0705,"Decreasing","Increasing",7,-0.690729220200598
"111","21SC60WQ_WQX-PD-076",3686,0.107404636330254,0.720514787136255,-0.422222222222222,0.111111111111111,0.080125,"Decreasing","Increasing",10,0.153781723707838
"112","21SC60WQ_WQX-PD-170",3716,0.132854955731054,0.707114231289961,-0.6,0.2,0.149770833333333,"Decreasing","Increasing",6,0.0359323739704568
"113","21SC60WQ_WQX-PD-337",3649,0.0763327403763572,0.0763327403763572,-0.5,-0.5,0.0865,"Decreasing","Decreasing",9,-0.14167728472506
"114","21SC60WQ_WQX-S-047",4003,0.710523022916489,0.386476230771233,0.142857142857143,-0.285714285714286,0.0574583333333333,"Increasing","Decreasing",8,0.0799885603016651
"115","21SC60WQ_WQX-S-125",4012,0.296269871484286,1,-1,0.333333333333333,0.0831666666666667,"Decreasing","Increasing",3,-0.649185008119466
"116","21SC60WQ_WQX-S-298",3998,0.916965236628864,1,-0.0555555555555556,0,0.03725,"Decreasing","Increasing",9,0.776622699288116
"117","21SC60WQ_WQX-ST-001",4103,0.536186771900174,0.901538626657128,-0.214285714285714,-0.0714285714285714,0.0379791666666667,"Decreasing","Decreasing",8,-0.431843096458477
"118","21SC60WQ_WQX-ST-016",4130,0.371093369522698,0.283130870662347,0.244444444444444,-0.288888888888889,0.0435208333333333,"Increasing","Decreasing",10,0.223741901801564
"119","21SC60WQ_WQX-SV-366",4396,0.0593144064703545,0.210497700055337,0.494413232473044,0.333333333333333,0.103520833333333,"Increasing","Increasing",10,0.156190349402271
"120","21SC60WQ_WQX-SV-370",4421,0.707114231289961,1,-0.2,-0.0666666666666667,0.111479166666667,"Decreasing","Decreasing",6,0.718661843256584
"121","31ORWUNT_WQX-BR-5.3M",9124,0.707114231289961,1,0.2,-0.0666666666666667,0.11203125,"Increasing","Decreasing",6,-0.371919623263172
"122","31ORWUNT_WQX-CR16.0M",11248,0.548005572361309,0.00686379498544904,-0.238095238095238,-0.904761904761905,0.070375,"Decreasing","Decreasing",7,-0.261726216677667
"123","31ORWUNT_WQX-LR-4.5M",10210,0.452370360677361,0.707114231289961,-0.333333333333333,-0.2,0.145995833333333,"Decreasing","Decreasing",6,-0.468984674259661
"124","31ORWUNT_WQX-MU-5.8M",9366,0.80649594050734,0.80649594050734,0.2,0.2,0.10675,"Increasing","Increasing",5,0.783531421440584
"125","31ORWUNT_WQX-SC15.0M",9884,1,0.707114231289961,-0.0666666666666667,-0.2,0.217541666666667,"Decreasing","Decreasing",6,-0.511965573550168
"126","ARDEQH2O_WQX-OUA0035",16451,1,1,0.333333333333333,-0.333333333333333,0.0534166666666667,"Increasing","Decreasing",3,-0.915292585643046
"127","ARDEQH2O_WQX-RED0009",26033,1,1,0.333333333333333,0.333333333333333,0.145666666666667,"Increasing","Increasing",3,0.99672119758395
"128","ARDEQH2O_WQX-WHI0004",22972,1,1,0.333333333333333,0.333333333333333,0.05475,"Increasing","Increasing",3,0.918549560459962
"129","ARDEQH2O_WQX-WHI0025",23062,0.296269871484286,1,1,-0.333333333333333,0.07155,"Increasing","Decreasing",3,-0.680011980077952
"130","ARDEQH2O_WQX-WHI0031",15988,1,0.296269871484286,0.333333333333333,-1,0.0623125,"Increasing","Decreasing",3,-0.33845092811603
"131","ARDEQH2O_WQX-WHI0052",22656,1,1,0.333333333333333,0.333333333333333,0.0431666666666667,"Increasing","Increasing",3,0.961739996322935
"132","ARDEQH2O_WQX-WHI0059",23151,0.296269871484286,1,-1,-0.333333333333333,0.0587083333333333,"Decreasing","Decreasing",3,0.50338363343596
"133","CORIVWCH_WQX-181",20713,1,1,0.333333333333333,0.333333333333333,0.303333333333333,"Increasing","Increasing",3,-0.924462049892041
"134","CORIVWCH_WQX-186",20737,0.220671361919847,0.462432726450476,0.6,-0.4,0.420125,"Increasing","Decreasing",5,-0.635935625971374
"135","CORIVWCH_WQX-187",20732,0.296269871484286,0.296269871484286,1,-1,0.40125,"Increasing","Decreasing",3,-0.975022316202125
"136","CORIVWCH_WQX-189",20688,1,1,0.333333333333333,-0.333333333333333,0.66125,"Increasing","Decreasing",3,0.646760182393354
"137","CORIVWCH_WQX-223",20703,1,0.296269871484286,0.333333333333333,1,0.410416666666667,"Increasing","Increasing",3,0.758724293365947
"138","CORIVWCH_WQX-226",20708,1,1,0.333333333333333,0.333333333333333,0.459583333333333,"Increasing","Increasing",3,-0.433035843189364
"139","CORIVWCH_WQX-3577",29528,0.462432726450476,0.0864107329737,0.4,-0.8,0.0273875,"Increasing","Decreasing",5,-0.785489732629882
"140","CORIVWCH_WQX-3590",29525,0.308179547467054,0.734095182319476,-0.666666666666667,0.333333333333333,0.0391333333333333,"Decreasing","Increasing",4,0.0733590649527646
"141","CORIVWCH_WQX-400",20697,0.220671361919847,1,0.6,0,0.361875,"Increasing","Increasing",5,-0.0689294248153995
"142","CORIVWCH_WQX-93",29520,0.25965635637045,0.25965635637045,-0.466666666666667,-0.466666666666667,0.0396041666666667,"Decreasing","Decreasing",6,-0.21470499978351
"143","KAWNATON_WQX-KN-AR-001",23842,0.734095182319476,0.734095182319476,-0.333333333333333,0.333333333333333,0.331704166666667,"Decreasing","Increasing",4,0.11724454864074
"144","KAWNATON_WQX-KN-AR-003",23830,0.308179547467054,0.734095182319476,-0.666666666666667,0.333333333333333,0.252922916666667,"Decreasing","Increasing",4,-0.38486397135331
"145","KAWNATON_WQX-KN-AR-009",23831,0.296269871484286,0.296269871484286,1,-1,0.292854166666667,"Increasing","Decreasing",3,-0.929583554312309
"146","LADEQWPD_WQX-0001",17032,0.465512169874187,0.465512169874187,0.222222222222222,0.222222222222222,0.363583333333333,"Increasing","Increasing",9,0.669611224183984
"147","LADEQWPD_WQX-0013",16552,0.251452186508022,0.175308080808274,0.333333333333333,0.388888888888889,0.108916666666667,"Increasing","Increasing",9,0.331643496311343
"148","LADEQWPD_WQX-0064",15658,0.367520738242143,0.22955621387892,-0.333333333333333,0.428571428571429,0.12675,"Decreasing","Increasing",7,-0.690079395580847
"149","LADEQWPD_WQX-0105",15704,0.76389059347054,0.0162609367804503,0.142857142857143,0.80952380952381,0.160708333333333,"Increasing","Increasing",7,0.476006305337226
"150","LADEQWPD_WQX-0120",26072,0.710523022916489,0.710523022916489,-0.142857142857143,-0.142857142857143,0.131458333333333,"Decreasing","Decreasing",8,-0.278702921447577
"151","LADEQWPD_WQX-0159",16794,0.149860747513049,0.73170172322421,0.333333333333333,0.0909090909090909,0.290666666666667,"Increasing","Increasing",12,0.366758760900988
"152","LADEQWPD_WQX-0677",17023,1,1,0.333333333333333,0.333333333333333,0.36125,"Increasing","Increasing",3,0.952420317074959
"153","LADEQWPD_WQX-0801",16676,0.296269871484286,0.296269871484286,1,-1,0.138425,"Increasing","Decreasing",3,-0.995760212288451
"154","MWRD_WQX-Crook",20721,1,1,-0.333333333333333,-0.333333333333333,0.3025,"Decreasing","Decreasing",3,0.991493705893629
"155","MWRD_WQX-FtMorgan",20732,0.0894293590289935,0.0894293590289935,-1,1,0.308333333333333,"Decreasing","Increasing",4,-0.988313915178673
"156","MWRD_WQX-Miliken",20654,0.296269871484286,1,1,0.333333333333333,0.528333333333333,"Increasing","Increasing",3,0.553387710841911
"157","OKWRB-STREAMS_WQX-120410010080-001AT",25066,0.00101389016957488,0.444043639662887,0.616666666666667,0.15,0.212364583333333,"Increasing","Increasing",16,-0.116713457839933
"158","OKWRB-STREAMS_WQX-120420010130-001AT",25092,0.107404636330254,1,0.422222222222222,0.0222222222222222,0.14548125,"Increasing","Increasing",10,-0.212118047693888
"159","OKWRB-STREAMS_WQX-121300010010-001AT",24155,1,1,0.0476190476190476,-0.0476190476190476,0.366402777777778,"Increasing","Decreasing",7,-0.672921148002167
"160","OKWRB-STREAMS_WQX-121400010260-001AT",25112,0.175308080808274,0.754454177494089,-0.388888888888889,0.111111111111111,0.131,"Decreasing","Increasing",9,-0.476013542019306
"161","OKWRB-STREAMS_WQX-121500010200-001AT",24131,0.536186771900174,1,-0.214285714285714,0,0.12965625,"Decreasing","Increasing",8,-0.126577576266127
"162","OKWRB-STREAMS_WQX-121500020260-001AT",24142,0.602167527748196,0.602167527748196,-0.166666666666667,-0.166666666666667,0.17725,"Decreasing","Decreasing",9,-0.620656448126379
"163","OKWRB-STREAMS_WQX-121500030010-001AT",24150,0.044083783741321,0.760332307521876,-0.435897435897436,-0.0769230769230769,0.0990416666666667,"Decreasing","Decreasing",13,0.526974742180046
"164","OKWRB-STREAMS_WQX-121510020010-001AT",24066,0.584070366945506,0.742556821926578,-0.120879120879121,-0.0769230769230769,0.158354166666667,"Decreasing","Decreasing",14,0.463556815548061
"165","OKWRB-STREAMS_WQX-121600010280-001AT",24370,0.246387360029247,0.360121647755378,-0.256410256410256,-0.205128205128205,0.195958333333333,"Decreasing","Decreasing",13,-0.559698902301319
"166","OKWRB-STREAMS_WQX-121600020170-001AT",24365,0.742556821926578,1,-0.0769230769230769,-0.010989010989011,0.0932708333333333,"Decreasing","Decreasing",14,0.50550201420007
"167","OKWRB-STREAMS_WQX-121600040010-001AT",24339,0.80649594050734,0.462432726450476,-0.2,-0.4,0.185375,"Decreasing","Decreasing",5,0.738489558447799
"168","OKWRB-STREAMS_WQX-121600040220-001AT",24337,0.742556821926578,0.661415917007863,0.0769230769230769,-0.0989010989010989,0.183770833333333,"Increasing","Decreasing",14,0.165064192451335
"169","OKWRB-STREAMS_WQX-121700030010-001AT",25136,0.296269871484286,0.296269871484286,-1,1,0.0690416666666667,"Decreasing","Increasing",3,-0.698289208934161
"170","OKWRB-STREAMS_WQX-121700030350-001AT",25167,0.220671361919847,1,-0.6,0,0.256416666666667,"Decreasing","Increasing",5,-0.00871464998496114
"171","OKWRB-STREAMS_WQX-220200010010-001AT",25200,0.308179547467054,0.308179547467054,-0.666666666666667,-0.666666666666667,0.104135416666667,"Decreasing","Decreasing",4,0.475999936609886
"172","OKWRB-STREAMS_WQX-220300000010-001AT",24857,0.160555891435809,0.951352130954404,-0.307692307692308,-0.0256410256410256,0.0566666666666667,"Decreasing","Decreasing",13,-0.204063095075399
"173","OKWRB-STREAMS_WQX-220600010119-001AT",24747,1,0.0236422189091985,0,-0.515151515151515,0.2269375,"Increasing","Decreasing",12,0.116415700058723
"174","OKWRB-STREAMS_WQX-310800020010-001AT",25827,0.916965236628864,0.916965236628864,0.0555555555555556,-0.0555555555555556,0.238833333333333,"Increasing","Decreasing",9,0.646132325685363
"175","OKWRB-STREAMS_WQX-310810010010-001AT",25783,0.73170172322421,0.73170172322421,-0.0909090909090909,0.0909090909090909,0.225729166666667,"Decreasing","Increasing",12,0.310605127764809
"176","OKWRB-STREAMS_WQX-311100010190-001AT",25682,0.137645845518265,0.322299595871919,0.295238095238095,0.2,0.276,"Increasing","Increasing",15,0.292711819896469
"177","OKWRB-STREAMS_WQX-311200000010-001AT",25697,0.462432726450476,0.220671361919847,-0.4,-0.6,0.297833333333333,"Decreasing","Decreasing",5,0.571575408540526
"178","OKWRB-STREAMS_WQX-311310010010-001AT",25573,0.602167527748196,0.465512169874187,-0.166666666666667,0.222222222222222,0.14625,"Decreasing","Increasing",9,-0.212236151591833
"179","OKWRB-STREAMS_WQX-311500010020-001AT",25460,0.0200446686226275,0.107404636330254,-0.6,0.422222222222222,0.0997583333333333,"Decreasing","Increasing",10,-0.337467763539443
"180","OKWRB-STREAMS_WQX-410400010010-001AT",25861,0.0422080660862067,1,-0.40191847623425,0.00952380952380952,0.1105,"Decreasing","Increasing",15,0.20946171854847
"181","OKWRB-STREAMS_WQX-520600010010-001AT",24759,0.0736382701203027,0.720514787136255,-0.466666666666667,-0.111111111111111,0.279,"Decreasing","Decreasing",10,0.0989946627866951
"182","OKWRB-STREAMS_WQX-520620020010-001AT",24665,0.296269871484286,1,-1,-0.333333333333333,0.0490833333333333,"Decreasing","Decreasing",3,0.53280704680721
"183","OKWRB-STREAMS_WQX-620900010170-001AT",23806,0.372691490471518,0.73170172322421,0.212121212121212,-0.0909090909090909,0.305979166666667,"Increasing","Decreasing",12,-0.569242974969332
"184","OKWRB-STREAMS_WQX-620900030010-001AT",23783,0.443421402864083,0.912814027184075,0.164835164835165,-0.032967032967033,0.310958333333333,"Increasing","Decreasing",14,-0.439692081081762
"185","OKWRB-STREAMS_WQX-620910010010-001AT",23715,0.483755786496452,0.433826840365301,0.132352941176471,-0.147058823529412,0.345541666666667,"Increasing","Decreasing",17,0.138734570682262
"186","OKWRB-STREAMS_WQX-620910020010-001AT",23728,0.149860747513049,0.00748788681514909,-0.333333333333333,-0.606060606060606,0.131041666666667,"Decreasing","Decreasing",12,0.769942511522093
"187","OKWRB-STREAMS_WQX-620920010010-001AT",23750,0.132854955731054,0.452370360677361,-0.6,-0.333333333333333,0.0957083333333333,"Decreasing","Decreasing",6,0.0331608665600614
"188","OKWRB-STREAMS_WQX-620920020010-001RS",23688,0.308179547467054,0.308179547467054,-0.666666666666667,0.666666666666667,0.0414791666666667,"Decreasing","Increasing",4,-0.986177016190818
"189","OKWRB-STREAMS_WQX-621000010010-001AT",23895,0.837011475105446,0.192616274329602,-0.0606060606060606,-0.303030303030303,0.242297916666667,"Decreasing","Decreasing",12,0.162310504575961
"190","OKWRB-STREAMS_WQX-621200010200-001AT",24022,0.273561411724749,0.100518173207465,-0.230769230769231,-0.340659340659341,0.191125,"Decreasing","Decreasing",14,0.621996627085402
"191","OKWRB-STREAMS_WQX-621210000010-001AT",23842,0.296269871484286,0.296269871484286,1,-1,0.400541666666667,"Increasing","Decreasing",3,-0.997270403797196
"192","USGS-01122610",1221,0.465512169874187,0.916965236628864,-0.222222222222222,0.0555555555555556,0.03875,"Decreasing","Increasing",9,-0.1265818602341
"193","USGS-011230695",1215,0.465512169874187,0.348082623632924,-0.222222222222222,-0.277777777777778,0.0325,"Decreasing","Decreasing",9,-0.284454128418284
"194","USGS-01200600",1274,0.440647897123314,0.107542828899301,-0.135698529035918,0.274853801169591,0.03275,"Decreasing","Increasing",19,0.192330813648959
"195","USGS-01205500",1245,0.755496874928883,1,-0.0909090909090909,0.0181818181818182,0.027,"Decreasing","Increasing",11,-0.140231265959486
"196","USGS-01618000",2386,1,0.734095182319476,0,0.333333333333333,0.045,"Increasing","Increasing",4,-0.36112509554955
"197","USGS-01631000",2435,0.462432726450476,0.0864107329737,-0.4,0.8,0.13278125,"Decreasing","Increasing",5,-0.221292610271365
"198","USGS-01636500",2443,0.848311702520237,0.25965635637045,0.138013111868471,0.466666666666667,0.0583541666666667,"Increasing","Increasing",6,0.496707136043852
"199","USGS-01646580",2467,0.076513654241399,0.433826840365301,0.323529411764706,0.147058823529412,0.083825,"Increasing","Increasing",17,0.0815050433439996
"200","USGS-02089500",3297,0.0690443198477512,0.40467024441074,0.320261437908497,0.150326797385621,0.116375,"Increasing","Increasing",18,0.579195617800524
"201","USGS-02091814",3253,1,1,0.333333333333333,0.333333333333333,0.0904166666666667,"Increasing","Increasing",3,-0.355864089391725
"202","USGS-02116500",3534,0.308179547467054,0.308179547467054,-0.666666666666667,0.666666666666667,0.2275,"Decreasing","Increasing",4,-0.903085720818506
"203","USGS-02131000",3651,0.879257207124831,0.76389059347054,-0.0975900072948533,0.142857142857143,0.085,"Decreasing","Increasing",7,0.151681018083388
"204","USGS-02175000",4180,0.348082623632924,0.0476039547278715,-0.277777777777778,0.555555555555556,0.066725,"Decreasing","Increasing",9,-0.754347458906075
"205","USGS-02197065",4392,0.410845493278576,0.100518173207465,-0.176798278435146,-0.340659340659341,0.114583333333333,"Decreasing","Decreasing",14,0.00175097889920718
"206","USGS-02198500",4425,0.0476039547278715,0.0763327403763572,0.555555555555556,-0.5,0.108333333333333,"Increasing","Decreasing",9,-0.697266641498791
"207","USGS-02212940",4614,0.208412803684149,0.754454177494089,-0.366233510382357,0.111111111111111,0.03875,"Decreasing","Increasing",9,-0.266293767756389
"208","USGS-02215000",4696,0.175308080808274,0.916965236628864,-0.388888888888889,0.0555555555555556,0.0983333333333333,"Decreasing","Increasing",9,-0.158466210835783
"209","USGS-02215500",4654,0.32111161917786,0.921158650225025,-0.20193241203216,0.0285714285714286,0.0741666666666667,"Decreasing","Increasing",15,0.0698020093944417
"210","USGS-02218000",4501,0.220671361919847,0.462432726450476,-0.6,0.4,0.240416666666667,"Decreasing","Increasing",5,-0.255336813833278
"211","USGS-02223600",4551,0.881834850001972,0.843085229269984,-0.0382779501175476,0.0476190476190476,0.0983333333333333,"Decreasing","Increasing",15,0.0108637208947868
"212","USGS-02226010",4777,0.297860167549806,0.502158251500749,-0.233785950059759,0.153846153846154,0.0916666666666667,"Decreasing","Increasing",13,-0.398263840776639
"213","USGS-02226160",4740,0.558350909375985,0.0791092150986985,0.116666666666667,0.333333333333333,0.0827145833333333,"Increasing","Increasing",16,-0.198383670487313
"214","USGS-02312600",5062,0.220671361919847,0.0274863361115103,-0.6,-1,0.06875,"Decreasing","Decreasing",5,0.566091165231057
"215","USGS-02338000",5284,0.967142330906372,0.343419487182742,0.0147058823529412,-0.176470588235294,0.0870625,"Increasing","Decreasing",17,-0.121606443148604
"216","USGS-02338500",5251,0.582950557761892,0.0768508722678888,-0.128205128205128,0.384615384615385,0.075,"Decreasing","Increasing",13,-0.0853781202346462
"217","USGS-02342881",5348,1,0.537133857176902,-0.0155080701733078,0.151515151515151,0.0466666666666667,"Decreasing","Increasing",12,0.358394078215642
"218","USGS-02344040",5382,0.149860747513049,0.9453298708327,-0.333333333333333,0.0303030303030303,0.0425,"Decreasing","Increasing",12,0.267399086807776
"219","USGS-02349605",5501,0.620690717075355,0.198210619038843,0.104761904761905,0.257142857142857,0.0658333333333333,"Increasing","Increasing",15,-0.415053787792073
"220","USGS-02352560",5562,0.655647185528678,0.620690717075355,0.0956948752938691,-0.104761904761905,0.0508333333333333,"Increasing","Decreasing",15,0.431848574281971
"221","USGS-02353000",5546,0.869352242367926,0.912814027184075,0.0441995696087864,0.032967032967033,0.0582291666666667,"Increasing","Increasing",14,-0.047586797132211
"222","USGS-02356000",5559,0.431681011272899,0.912814027184075,-0.174714139453653,-0.032967032967033,0.045,"Decreasing","Decreasing",14,0.370801933564184
"223","USGS-02359170",5627,0.348082623632924,0.251452186508022,0.277777777777778,-0.333333333333333,0.0429583333333333,"Increasing","Decreasing",9,0.462105111494305
"224","USGS-02388520",5879,0.0228215036714881,1,-0.447619047619048,-0.00952380952380952,0.1075,"Decreasing","Decreasing",15,-0.276348626777916
"225","USGS-02394980",5920,0.537133857176902,0.303673214899419,0.151515151515151,0.242424242424242,0.0890625,"Increasing","Increasing",12,-0.530767601873447
"226","USGS-02397530",5945,0.100518173207465,0.742556821926578,-0.340659340659341,-0.0769230769230769,0.0839583333333333,"Decreasing","Decreasing",14,-0.0326112799737146
"227","USGS-02470500",6878,0.548005572361309,0.76389059347054,-0.238095238095238,-0.142857142857143,0.0887125,"Decreasing","Decreasing",7,0.267727066239782
"228","USGS-03063000",8955,1,0.296269871484286,0.333333333333333,1,0.0283333333333333,"Increasing","Increasing",3,-0.193115167760011
"229","USGS-03109670",9085,0.296269871484286,1,1,0.333333333333333,0.0495833333333333,"Increasing","Increasing",3,0.808020419431316
"230","USGS-03112510",9150,1,0.296269871484286,-0.333333333333333,1,0.0541666666666667,"Decreasing","Increasing",3,-0.275643847376723
"231","USGS-03274600",9976,0.308179547467054,1,-0.666666666666667,0,0.354375,"Decreasing","Increasing",4,-0.194981194300273
"232","USGS-03321500",10443,0.80649594050734,0.462432726450476,-0.2,-0.4,0.1025,"Decreasing","Decreasing",5,-0.444328215313965
"233","USGS-03374100",10813,0.59230128143299,0.0912390290553886,-0.102941176470588,-0.308823529411765,0.206665064102564,"Decreasing","Decreasing",17,0.486289679921805
"234","USGS-03425000",11137,1,0.452370360677361,0.0666666666666667,0.333333333333333,0.0675,"Increasing","Increasing",6,-0.122489681942592
"235","USGS-03438500",11238,1,1,-0.333333333333333,0.333333333333333,0.101625,"Decreasing","Increasing",3,0.136034391652349
"236","USGS-03467609",11761,1,0.707114231289961,0.0666666666666667,0.2,0.0704270833333333,"Increasing","Increasing",6,0.911030758873649
"237","USGS-03609750",12721,0.72644698403686,0.00783954304063907,0.064327485380117,-0.450292397660819,0.0665375,"Increasing","Decreasing",19,0.0284608714557365
"238","USGS-04101500",7594,1,1,0.0476190476190476,0.0476190476190476,0.0675,"Increasing","Increasing",7,-0.64012370106146
"239","USGS-04108660",7644,0.734095182319476,0.734095182319476,-0.333333333333333,-0.333333333333333,0.0671125,"Decreasing","Decreasing",4,0.438101901997941
"240","USGS-04157005",7908,1,1,-0.333333333333333,0.333333333333333,0.0880833333333333,"Decreasing","Increasing",3,-0.0296317456164934
"241","USGS-04183500",7987,0.734095182319476,0.734095182319476,-0.333333333333333,0.333333333333333,0.402336516203704,"Decreasing","Increasing",4,0.538018096972279
"242","USGS-04191500",8003,1,1,0.333333333333333,-0.333333333333333,0.331673882076056,"Increasing","Decreasing",3,-0.307868356785662
"243","USGS-04192500",8070,0.296269871484286,1,1,0.333333333333333,0.359290660014006,"Increasing","Increasing",3,0.874224819221265
"244","USGS-04219501",8146,1,0.296269871484286,-0.333333333333333,-1,0.0185,"Decreasing","Decreasing",3,0.32637637174906
"245","USGS-04260500",8377,0.296269871484286,0.296269871484286,-1,1,0.0233333333333333,"Decreasing","Increasing",3,-0.955312559586302
"246","USGS-05412500",13410,0.308179547467054,0.308179547467054,0.666666666666667,0.666666666666667,0.217958333333333,"Increasing","Increasing",4,0.633232378745843
"247","USGS-05418600",13472,0.710523022916489,0.710523022916489,0.142857142857143,-0.142857142857143,0.211510416666667,"Increasing","Decreasing",8,0.172009631993257
"248","USGS-05446500",14484,1,1,-0.333333333333333,-0.333333333333333,0.239861111111111,"Decreasing","Decreasing",3,0.90412894331325
"249","USGS-05501600",14832,0.296269871484286,1,-1,-0.333333333333333,0.175416666666667,"Decreasing","Decreasing",3,0.502631613906909
"250","USGS-05586100",15236,0.0239875344644269,0.360121647755378,-0.487179487179487,0.205128205128205,0.427916666666667,"Decreasing","Increasing",13,-0.152000024152543
"251","USGS-05586300",15231,1,0.296269871484286,0.333333333333333,1,0.358375,"Increasing","Increasing",3,0.940996150772325
"252","USGS-05587550",14890,0.734095182319476,0.0894293590289935,-0.333333333333333,-1,0.19375,"Decreasing","Decreasing",4,0.380612814463118
"253","USGS-06089000",17555,0.0864107329737,0.80649594050734,-0.8,-0.2,0.0390416666666667,"Decreasing","Decreasing",5,0.231295898013213
"254","USGS-06208500",18350,0.296269871484286,1,-1,-0.333333333333333,0.126479166666667,"Decreasing","Decreasing",3,-0.148355107588952
"255","USGS-06279500",18515,0.452370360677361,0.25965635637045,0.333333333333333,-0.466666666666667,0.1104375,"Increasing","Decreasing",6,0.0495400496245752
"256","USGS-06324500",18731,0.308179547467054,0.734095182319476,0.666666666666667,0.333333333333333,0.265141666666667,"Increasing","Increasing",4,-0.12535849361672
"257","USGS-06329500",18986,0.536186771900174,0.710523022916489,0.214285714285714,0.142857142857143,0.1851875,"Increasing","Increasing",8,0.448658598265373
"258","USGS-06453305",20204,0.129551352904409,0.80649594050734,-0.737864787372622,-0.2,0.025,"Decreasing","Decreasing",5,0.0736387633008304
"259","USGS-06461500",20004,1,0.296269871484286,0.333333333333333,-1,0.139833333333333,"Increasing","Decreasing",3,-0.617677233659211
"260","USGS-06485500",20270,0.462432726450476,0.80649594050734,0.4,0.2,0.388333333333333,"Increasing","Increasing",5,0.472876147386608
"261","USGS-06607500",21274,0.734095182319476,0.734095182319476,0.333333333333333,-0.333333333333333,0.304645833333333,"Increasing","Decreasing",4,0.748820476755831
"262","USGS-06754000",20688,0.73170172322421,0.537133857176902,-0.0909090909090909,0.151515151515151,0.6890625,"Decreasing","Increasing",12,-0.0924089986256063
"263","USGS-06800500",21233,0.462432726450476,0.462432726450476,0.4,0.4,0.51375,"Increasing","Increasing",5,0.132740350832693
"264","USGS-06810000",21435,1,1,0,0,0.4118125,"Increasing","Increasing",4,0.289357118570901
"265","USGS-06817700",21496,0.13312848419606,1,0.523809523809524,0.0476190476190476,0.295,"Increasing","Increasing",7,-0.573862065594817
"266","USGS-06902000",22065,0.191670591422755,0.964089361267912,0.25,-0.0166666666666667,0.233333333333333,"Increasing","Decreasing",16,0.639209690284107
"267","USGS-06905500",22132,1,0.876269663627762,0.0181818181818182,-0.0545454545454545,0.210833333333333,"Increasing","Decreasing",11,0.154557431518103
"268","USGS-06926510",22302,0.857462441959241,0.283130870662347,0.0674199862463242,-0.288888888888889,0.055,"Increasing","Decreasing",10,0.131998736490621
"269","USGS-06930800",22445,0.0976402347299861,0.974117747355371,0.275136126340975,-0.0105263157894737,0.0433333333333333,"Increasing","Decreasing",20,0.274907992704822
"270","USGS-06934500",22644,2.90078535309062e-05,0.972882865093478,0.531182795698925,0.00645161290322581,0.297,"Increasing","Increasing",31,0.362923382420543
"271","USGS-07019000",15319,0.734095182319476,0.0894293590289935,0.333333333333333,1,0.05625,"Increasing","Increasing",4,0.610690146615719
"272","USGS-07019280",15307,0.940168037547274,0.560903574193679,-0.0123457166460462,-0.0788177339901478,0.106666666666667,"Decreasing","Decreasing",29,-0.0428899920341493
"273","USGS-07026000",15845,0.296269871484286,1,1,0.333333333333333,0.165,"Increasing","Increasing",3,0.0471778867521136
"274","USGS-07048700",22656,0.119470986771701,0.436274928840529,-0.381818181818182,0.2,0.0475,"Decreasing","Increasing",11,-0.76890891539315
"275","USGS-07049691",22654,0.308179547467054,0.734095182319476,0.666666666666667,0.333333333333333,0.0136875,"Increasing","Increasing",4,0.682915331971783
"276","USGS-07052500",22727,0.220671361919847,0.80649594050734,-0.6,-0.2,0.0479166666666667,"Decreasing","Decreasing",5,-0.377416839625033
"277","USGS-07068000",22983,0.734095182319476,1,0.333333333333333,0,0.024375,"Increasing","Increasing",4,-0.477796290840329
"278","USGS-07072500",23054,0.470100759874129,0.734095182319476,0.547722557505166,0.333333333333333,0.04125,"Increasing","Increasing",4,0.879498324914739
"279","USGS-07077000",15988,0.928444041500591,0.0736382701203027,-0.0449466574975495,-0.466666666666667,0.068125,"Decreasing","Decreasing",10,0.378140846758059
"280","USGS-07099400",23210,1,1,-0.333333333333333,0.333333333333333,0.0215833333333333,"Decreasing","Increasing",3,0.978538166384548
"281","USGS-07161000",23788,0.734095182319476,0.0894293590289935,-0.333333333333333,-1,0.258125,"Decreasing","Decreasing",4,0.198935562050568
"282","USGS-07195500",25167,0.119470986771701,0.212911902811505,-0.381818181818182,-0.309090909090909,0.229125,"Decreasing","Decreasing",11,-0.0376863577496666
"283","USGS-07196500",25136,0.710523022916489,0.265510388953874,0.142857142857143,0.357142857142857,0.1667375,"Increasing","Increasing",8,0.270053953334055
"284","USGS-07249455",25200,0.401102572891941,0.183698986057793,0.146198830409357,-0.228070175438596,0.131125,"Increasing","Decreasing",19,0.115682933119472
"285","USGS-07263620",25315,0.00152830368186764,0.751300150198796,0.478260869565217,-0.0513833992094862,0.107333333333333,"Increasing","Decreasing",23,0.248066252487457
"286","USGS-07288800",16270,0.296269871484286,0.296269871484286,1,1,0.18125,"Increasing","Increasing",3,0.998137164466171
"287","USGS-07288955",16279,0.487350390335321,0.0748114813174168,-0.114285714285714,-0.285714285714286,0.284958333333333,"Decreasing","Decreasing",21,0.187788429204309
"288","USGS-07292500",16868,0.296269871484286,0.296269871484286,1,-1,0.0675,"Increasing","Decreasing",3,-0.989869392586927
"289","USGS-07308500",25560,0.22955621387892,0.548005572361309,0.428571428571429,0.238095238095238,0.13375,"Increasing","Increasing",7,0.812851730785968
"290","USGS-07316000",25637,0.858027656987521,0.858027656987521,0.0666666666666667,-0.0666666666666667,0.236875,"Increasing","Decreasing",10,0.0512347451019909
"291","USGS-07331000",25827,0.876269663627762,0.350201389179296,-0.0545454545454545,-0.236363636363636,0.194166666666667,"Decreasing","Decreasing",11,-0.39153684252926
"292","USGS-07331600",25903,0.465512169874187,0.916965236628864,-0.222222222222222,-0.0555555555555556,0.0805833333333333,"Decreasing","Decreasing",9,0.723418160126486
"293","USGS-07337000",25913,0.142092187677338,7.89022429025617e-05,0.230941751980401,-0.61038961038961,0.13375,"Increasing","Decreasing",22,0.0232333095006951
"294","USGS-07344410",26067,0.0187411367895967,0.0634865305607675,-0.714285714285714,-0.571428571428571,0.119583333333333,"Decreasing","Decreasing",8,0.800093571350398
"295","USGS-07350500",26059,0.066714202170837,0.00087674378835291,-0.286334730062128,-0.515151515151515,0.105208333333333,"Decreasing","Decreasing",22,0.601030162675689
"296","USGS-07351930",26114,0.0851679058839559,0.0602891739906021,-0.690065559342354,-0.733333333333333,0.0916666666666667,"Decreasing","Decreasing",6,0.751675173045452
"297","USGS-07355500",16664,0.153205400986193,0.0297226347847747,-0.237467845072989,-0.357894736842105,0.109375,"Decreasing","Decreasing",20,0.633129213369078
"298","USGS-07362000",16371,0.130494315596299,0.73170172322421,-0.351155269517664,0.0909090909090909,0.043125,"Decreasing","Increasing",12,0.288369611148328
"299","USGS-07367640",16614,0.76389059347054,0.367520738242143,0.142857142857143,0.333333333333333,0.06125,"Increasing","Increasing",7,0.325713124454677
"300","USGS-073814675",17065,1,1,0.333333333333333,0.333333333333333,0.157041666666667,"Increasing","Increasing",3,-0.627030890017616
"301","USGS-07381600",16961,0.0100042125859174,0.00112405275370398,0.450980392156863,-0.568627450980392,0.201079166666667,"Increasing","Decreasing",18,-0.518726797673293
"302","USGS-08041000",26346,0.54029137460742,1,-0.816496580927726,-0.333333333333333,0.0425,"Decreasing","Decreasing",3,0.727349381056914
"303","USGS-08057410",26484,0.367520738242143,0.0715054164448745,-0.333333333333333,-0.619047619047619,0.519,"Decreasing","Decreasing",7,0.724121562024358
"304","USGS-08067000",26650,0.296269871484286,1,1,0.333333333333333,0.115625,"Increasing","Increasing",3,0.786375863036735
"305","USGS-08088000",26910,1,1,0.333333333333333,0.333333333333333,0.18625,"Increasing","Increasing",3,0.961575841685002
"306","USGS-08114000",27121,0.0864107329737,1,-0.8,0,0.19125,"Decreasing","Increasing",5,-0.143930872434891
"307","USGS-08116650",27114,0.210497700055337,0.0490979816092656,0.333333333333333,0.511111111111111,0.309791666666667,"Increasing","Increasing",10,0.810111721741506
"308","USGS-08147000",27169,0.734095182319476,1,-0.333333333333333,0,0.0645833333333333,"Decreasing","Increasing",4,0.766147710372779
"309","USGS-08251500",27423,0.220671361919847,0.462432726450476,0.6,-0.4,0.112833333333333,"Increasing","Decreasing",5,-0.308756081659923
"310","USGS-08313000",27454,0.901538626657128,0.710523022916489,-0.0714285714285714,-0.142857142857143,0.0854166666666667,"Decreasing","Decreasing",8,-0.0576097681149578
"311","USGS-08319000",27550,0.0894293590289935,0.734095182319476,-1,0.333333333333333,0.046875,"Decreasing","Increasing",4,-0.934624321798677
"312","USGS-08331000",27650,0.22955621387892,0.13312848419606,0.428571428571429,0.523809523809524,0.37,"Increasing","Increasing",7,0.598698477733248
"313","USGS-08364000",27709,0.127203687631099,0.0585875753104889,0.333333333333333,0.41025641025641,0.251458333333333,"Increasing","Increasing",13,0.422269787933108
"314","USGS-08374200",27764,1,1,0.333333333333333,-0.333333333333333,0.23875,"Increasing","Decreasing",3,0.590500687201163
"315","USGS-08450900",28164,0.734095182319476,0.734095182319476,-0.333333333333333,-0.333333333333333,0.0079375,"Decreasing","Decreasing",4,0.201547948984837
"316","USGS-08459200",28266,0.76389059347054,0.76389059347054,0.142857142857143,-0.142857142857143,0.265833333333333,"Increasing","Decreasing",7,0.0999553612391694
"317","USGS-09095500",28607,0.308179547467054,0.308179547467054,-0.666666666666667,-0.666666666666667,0.128729166666667,"Decreasing","Decreasing",4,0.209567986955167
"318","USGS-09152500",28668,0.9453298708327,0.0335241652350047,-0.0303030303030303,-0.484848484848485,0.1239375,"Decreasing","Decreasing",12,0.590228762171242
"319","USGS-09180500",28776,0.308179547467054,0.308179547467054,0.666666666666667,-0.666666666666667,0.130952380952381,"Increasing","Decreasing",4,-0.929981690373524
"320","USGS-09211200",28835,0.308179547467054,0.734095182319476,-0.666666666666667,-0.333333333333333,0.0229166666666667,"Decreasing","Decreasing",4,-0.372248379769379
"321","USGS-09217010",28885,1,0.734095182319476,0,-0.333333333333333,0.048125,"Increasing","Decreasing",4,-0.187968985807562
"322","USGS-09379500",29635,1,1,0.333333333333333,-0.333333333333333,0.2375,"Increasing","Decreasing",3,0.193685779790914
"323","USGS-09380000",29452,0.0187411367895967,0.536186771900174,-0.714285714285714,-0.214285714285714,0.008375,"Decreasing","Decreasing",8,0.201555237842643
"324","USGS-09404200",29735,0.462432726450476,1,-0.4,0,0.0897291666666667,"Decreasing","Increasing",5,0.0805415349768217
"325","USGS-09427520",29954,1,1,0.333333333333333,0.333333333333333,0.0225,"Increasing","Increasing",3,0.910603476528848
"326","USGS-09498500",30078,1,0.80649594050734,0,-0.2,0.05,"Increasing","Decreasing",5,-0.0914684303810826
"327","USGS-09508500",30175,0.80649594050734,0.462432726450476,0.2,-0.4,0.05,"Increasing","Decreasing",5,-0.390842734060903
"328","USGS-09510000",30178,0.308179547467054,0.308179547467054,-0.666666666666667,-0.666666666666667,0.0291666666666667,"Decreasing","Decreasing",4,0.251895845436548
"329","USGS-09522000",30054,0.00480546408540845,0.0551796163231682,-0.437229437229437,-0.298701298701299,0.0334041666666667,"Decreasing","Decreasing",22,0.834708865244387
"330","USGS-11274570",33891,0.308179547467054,1,-0.666666666666667,0,0.380625,"Decreasing","Increasing",4,-0.446661163294518
"331","USGS-11290500",33904,0.296269871484286,1,1,-0.333333333333333,0.346666666666667,"Increasing","Decreasing",3,-0.054128130722261
"332","USGS-11370500",33762,0.69672742366066,1,-0.21483446221183,0.0666666666666667,0.024375,"Decreasing","Increasing",6,0.676595250899619
"333","USGS-11447650",33883,0.536648236300515,0.127476932741378,-0.117647058823529,-0.279411764705882,0.0579166666666667,"Decreasing","Decreasing",17,0.558356157061111
"334","USGS-12415135",30827,1,0.308179547467054,0,0.666666666666667,0.024,"Increasing","Increasing",4,-0.279395292103502
"335","USGS-12415140",30859,0.308179547467054,0.308179547467054,0.666666666666667,-0.666666666666667,0.0181666666666667,"Increasing","Decreasing",4,0.0392126164691695
"336","USGS-12417620",30874,0.296269871484286,1,-1,-0.333333333333333,0.006625,"Decreasing","Decreasing",3,0.287372691372399
"337","USGS-12509050",31195,0.296269871484286,1,-1,0.333333333333333,0.1740625,"Decreasing","Increasing",3,-0.100949956804373
"338","USGS-13094000",31472,1,1,0,0,0.1159375,"Increasing","Increasing",4,0.633182983745695
"339","USGS-13154500",31508,0.0506570300941188,0.634510292881857,-0.296442687747036,-0.075098814229249,0.0700892857142857,"Decreasing","Decreasing",23,0.369907115249175
"340","USGS-322023090544500",16103,0.465512169874187,0.348082623632924,0.222222222222222,0.277777777777778,0.229791666666667,"Increasing","Increasing",9,0.876909739496125
"341","USGS-400535108485700",29168,1,1,-0.333333333333333,-0.333333333333333,0.03375,"Decreasing","Decreasing",3,-0.287983823511437
"342","YUROKTEP_WQX-TC",33533,0.80649594050734,0.80649594050734,-0.2,-0.2,0.0389791666666667,"Decreasing","Decreasing",5,0.0990527565039546
